state,year,age_1824,age_2534,age_3544,age_4554,age_55p,educ_anycoll,educ_hs,educ_nohs,sent_1m,sent_1_2,sent_2_5,sent_5_10,sent_10_25,sent_25p,sent_life,sent_miss,off_manslaughter,off_assault,off_drugs,off_fraud,off_larceny,off_cartheft,off_murder,off_burglary,off_publicorder,off_rapesa,off_robbery,off_othprop,off_othviolent,off_other,off_missing,crime_violent,crime_public,crime_property,crime_drugs,crime_other,crime_missing
ALABAMA,2004,,,,,,,,,,,,,,,,,,,,,,,,,,,,,,,,,,,,,
ALABAMA,2005,,,,,,,,,,,,,,,,,,,,,,,,,,,,,,,,,,,,,
ALABAMA,2006,,,,,,,,,,,,,,,,,,,,,,,,,,,,,,,,,,,,,
ALABAMA,2007,3456,9742,8512,5645,2058,,,,817,496,4126,2485,12334,3757,5393,,855,1588,5956,1036,1882,,3908,3037,1598,2798,4918,1418,387,29,,14455,1598,7374,5956,29,
ALABAMA,2008,3677,10114,8634,5820,2262,,,,768,593,4202,2784,12573,3983,5602,,897,1651,6247,986,1903,,4131,3078,1562,2972,5170,1434,437,36,,15259,1562,7403,6247,36,
ALABAMA,2009,4057,10547,8721,6076,2473,,,,867,582,4381,3116,12951,4154,5820,,949,1763,6592,943,1984,,4323,3163,1541,3034,5541,1495,484,61,,16093,1541,7587,6592,61,
ALABAMA,2010,3976,10444,8513,6145,2686,,,,749,571,4030,3101,13091,4292,5928,,982,1878,6382,876,1955,,4434,3137,1505,3034,5628,1376,520,56,,16475,1505,7345,6382,56,
ALABAMA,2011,3864,10371,8769,6319,2947,,,,770,581,4052,3128,13198,4460,6077,,986,1832,6633,822,2059,,4556,3218,1491,3036,5671,1374,529,63,,16610,1491,7473,6633,63,
ALABAMA,2012,3761,10209,8877,6403,3181,,,,832,562,4044,3183,13143,4510,6151,,973,1836,6530,827,2152,,4610,3287,1560,3055,5557,1430,525,86,,16556,1560,7698,6530,86,
ALABAMA,2013,3493,10017,9096,6360,3415,,,,845,608,3914,3231,12986,4586,6208,,951,1858,6285,822,2122,,4710,3302,1671,3043,5611,1356,565,84,,16737,1671,7604,6285,84,
ALABAMA,2014,3105,9580,9211,6271,3603,,,,636,590,3691,3207,12712,4616,6315,,970,1874,5761,732,1991,,4846,3166,1815,3076,5589,1223,633,94,,16987,1815,7113,5761,94,
ALABAMA,2015,2811,9085,9066,6081,3767,,,,684,576,3559,3233,12040,4520,6191,,957,1896,5382,644,1870,,4807,2974,1897,3096,5384,1161,647,95,,16786,1897,6650,5382,95,
ALABAMA,2016,2321,8403,8482,5811,3867,,,,712,512,3215,2982,11031,4383,6027,21,908,1803,4728,542,1631,,4767,2703,1966,3049,5074,987,657,66,,16258,1966,5865,4728,66,
ALABAMA,2017,2077,8154,8094,5406,3877,,,,684,706,3508,2935,9841,4087,5740,107,851,1754,4543,506,1460,,4708,2524,2061,2940,4511,998,686,66,,15449,2061,5489,4543,66,
ALABAMA,2018,1835,7788,8101,5189,3928,,,,663,669,3512,3050,9463,3871,5511,100,834,1732,4623,479,1332,,4615,2334,2180,2827,4096,963,715,110,,14818,2180,5109,4623,110,
ALABAMA,2019,1751,7983,8688,5593,4289,,,,623,733,3720,3236,10154,4086,5588,163,833,1847,5095,493,1442,,4735,2473,2412,2834,4215,1037,736,153,,15200,2412,5445,5095,153,
ALASKA,2004,808,1301,1374,794,277,36,1804,1003,,,,,,,,4554,,654,334,43,267,90,615,195,1010,888,257,67,73,,62,2486,1010,663,334,,62
ALASKA,2005,852,1348,1436,898,278,48,1942,1077,418,162,1479,1158,803,763,,28,,671,393,82,269,105,636,214,1094,876,265,80,72,,51,2520,1094,750,393,,51
ALASKA,2006,852,1501,1409,982,325,44,2172,1156,417,193,1554,1231,843,806,,24,,727,500,73,302,131,673,223,1051,928,264,81,76,,37,2668,1051,810,500,,37
ALASKA,2007,829,1545,1471,968,354,42,2299,1273,445,184,1665,1129,884,843,,17,,808,471,82,374,120,696,261,1033,860,271,81,85,,23,2720,1033,919,471,,23
ALASKA,2008,775,1607,1280,963,388,46,2479,1335,398,181,1515,1081,923,902,,15,,810,422,77,350,104,712,262,917,889,274,83,88,,22,2775,917,875,422,,22
ALASKA,2009,827,1680,1330,1065,383,50,3023,1323,523,160,1607,1047,945,948,,56,,951,407,85,400,116,761,253,874,894,320,66,101,11,46,3026,874,920,407,11,46
ALASKA,2010,740,1809,1291,1116,434,39,3049,1395,367,124,1608,1171,1049,1048,,24,,863,433,89,410,111,728,267,974,995,309,78,107,,25,3002,974,954,433,,25
ALASKA,2011,762,1877,1275,1200,482,57,3161,1388,402,137,1632,1204,1078,1110,,33,,1016,519,52,495,91,770,291,749,1110,328,69,88,,16,3313,749,998,519,,16
ALASKA,2012,711,1977,1222,1158,566,40,3185,1317,444,128,1555,1125,1177,1188,,16,,966,531,51,451,123,823,267,706,1235,289,76,99,,,3411,706,967,531,,
ALASKA,2013,610,1750,1135,1023,563,40,2860,1160,413,148,1366,992,1049,1073,,39,,821,486,50,433,97,665,265,806,1046,236,69,85,,20,2852,806,914,486,,20
ALASKA,2014,639,2059,1352,1105,639,42,3109,1396,1384,265,771,591,669,840,,1275,,723,426,25,358,48,612,114,2371,811,135,82,68,,17,2349,2371,627,426,,17
ALASKA,2015,437,1816,1298,1103,684,50,3217,1432,422,115,1310,1084,1059,1294,,54,,895,539,64,412,103,777,256,603,1266,253,52,102,,15,3293,603,886,539,,15
ALASKA,2016,326,1487,1093,881,647,39,2618,1167,292,75,970,907,910,1231,,50,,751,361,47,290,92,658,219,545,1090,220,65,87,,,2805,545,712,361,,
ALASKA,2017,316,1463,1121,808,691,36,2656,1069,267,124,894,847,897,1316,,53,10,767,310,51,266,90,685,221,468,1129,239,48,104,,,2934,468,676,310,,
ALASKA,2018,283,1411,1259,717,709,47,2712,1047,241,114,897,836,947,1303,,41,,1418,113,52,325,81,655,135,220,1006,221,58,87,,,3392,220,652,113,,
ALASKA,2019,256,1379,1238,833,768,31,2850,1026,162,195,886,765,975,1483,,,,1382,110,40,288,79,756,114,226,1107,202,56,105,,,3554,226,578,110,,
ARIZONA,2004,5834,11336,9248,4541,1556,3093,14040,15300,1925,1726,12785,8032,6358,404,1211,74,37,3549,5909,1743,3462,311,2617,2306,5030,3134,2314,909,1057,105,34,12707,5030,8731,5909,105,34
ARIZONA,2005,5658,11723,9599,4842,1648,3160,16307,13934,2214,1625,12947,8381,6576,406,1251,72,35,3592,6231,1844,3723,270,2694,2333,5118,3207,2297,896,1091,111,28,12916,5118,9067,6231,111,28
ARIZONA,2006,5903,12590,10115,5360,1833,3354,17766,14595,2451,1740,13784,9090,6946,421,1296,74,34,3850,6933,2064,3973,298,2798,2428,5398,3397,2375,976,1136,110,32,13590,5398,9738,6933,110,32
ARIZONA,2007,6177,13314,10351,5852,2052,3276,18983,15398,2615,1975,14405,9599,7303,438,1346,65,50,3998,7727,2105,4029,315,2936,2512,5651,3529,2514,1045,1199,110,25,14227,5651,10006,7727,110,25
ARIZONA,2008,6342,14024,10561,6367,2208,3489,20293,15614,2854,2107,14711,10218,7687,450,1412,64,44,4165,8472,2182,3749,329,3038,2698,5885,3664,2643,1155,1343,104,31,14897,5885,10113,8472,104,31
ARIZONA,2009,6559,14420,10513,6608,2445,3577,21488,15385,2704,2145,14454,11052,8213,460,1467,50,46,4331,8602,2099,3467,278,3177,2920,6050,3730,2922,1233,1564,99,26,15770,6050,9998,8602,99,26
ARIZONA,2010,6274,14193,10404,6677,2661,3477,22536,14111,2395,1971,13605,11421,8768,467,1550,33,45,4371,8187,1951,3143,218,3337,3052,5834,3884,3043,1270,1770,90,14,16451,5834,9633,8187,90,14
ARIZONA,2011,5818,14179,10289,6888,2846,3565,23513,12883,2326,2033,12980,11547,9075,473,1575,11,41,4393,8113,1790,2899,201,3339,3147,5775,3920,3084,1341,1892,85,,16669,5775,9379,8113,85,
ARIZONA,2012,5594,14046,10300,7055,3085,3554,23474,13007,2345,1996,12736,11537,9368,477,1599,21,42,4351,8007,1730,2837,191,3366,3189,5779,3982,3161,1413,1942,79,10,16844,5779,9360,8007,79,10
ARIZONA,2013,5530,14500,10633,7184,3329,3631,23526,13991,2477,2211,13095,11535,9692,505,1642,22,41,4551,8557,1706,2756,196,3438,3266,5844,4111,3198,1454,1965,79,16,17303,5844,9378,8557,79,16
ARIZONA,2014,5223,14903,11127,7357,3648,4152,23064,15028,2455,2258,13707,11495,10104,529,1692,19,42,4709,9182,1687,2705,184,3534,3271,5899,4284,3187,1522,1950,83,19,17706,5899,9369,9182,83,19
ARIZONA,2015,4781,14945,11476,7522,3994,4455,22436,15828,2131,2385,13773,11673,10448,556,1736,16,48,4822,9545,1690,2728,193,3594,3294,5835,4371,3133,1472,1894,84,16,17862,5835,9377,9545,84,16
ARIZONA,2016,4427,14589,11690,7499,4115,4590,21383,16333,1876,2238,13695,11523,10627,575,1770,17,41,4777,9912,1623,2703,159,3605,3021,5550,4540,3066,1367,1851,86,17,17881,5550,8874,9912,86,17
ARIZONA,2017,4063,14320,11825,7445,4377,4635,20878,16500,1773,1886,13401,11744,10812,597,1803,13,41,4779,9829,1557,2698,196,3673,2981,5341,4656,3053,1315,1810,86,14,18013,5341,8747,9829,86,14
ARIZONA,2018,3602,14261,11977,7435,4730,4762,20220,16999,1538,1738,13356,11873,11023,634,1835,10,44,4854,9767,1583,2807,147,3738,2905,5186,4756,3063,1263,1800,84,10,18254,5186,8704,9767,84,10
ARIZONA,2019,,,,,,,,,,,,,,,,,,,,,,,,,,,,,,,,,,,,,
ARKANSAS,2004,2247,4536,3521,2582,920,1151,6023,6124,511,284,2551,2647,4241,2213,1340,20,11,577,3775,758,693,,1654,1280,759,1437,1359,508,286,698,11,5325,759,3239,3775,698,11
ARKANSAS,2005,1909,4421,3453,2780,948,1111,5615,6269,504,298,2652,2394,4273,2169,1209,12,18,547,3771,782,639,,1580,1213,715,1470,1326,446,273,723,,5214,715,3080,3771,723,
ARKANSAS,2006,2089,4836,3848,2255,700,984,4981,7401,165,220,2537,2008,4634,2693,1470,,13,550,3497,662,542,,1889,1115,709,1833,1555,426,283,651,,6124,709,2746,3497,651,
ARKANSAS,2007,2081,5001,3938,2485,808,1116,5165,7654,121,191,2335,1931,5406,2863,1467,,13,569,3600,616,578,,1956,1185,696,2048,1681,420,310,639,,6578,696,2799,3600,639,
ARKANSAS,2008,2311,5135,3764,2575,931,1233,5560,7481,150,192,1904,2224,6297,2677,1266,,36,647,3907,596,607,,1783,1149,760,2124,1609,492,330,673,,6529,760,2844,3907,673,
ARKANSAS,2009,2389,5369,3850,2569,1030,1235,5705,7805,187,210,2061,2323,6348,2810,1262,,36,722,3985,587,666,,1811,1248,828,2172,1642,489,333,681,,6717,828,2991,3985,681,
ARKANSAS,2010,2474,5827,4008,2759,1135,1300,6057,8350,221,220,2080,2486,6924,2981,1276,15,39,758,4246,544,700,,1852,1442,904,2278,1738,546,365,780,11,7030,904,3232,4246,780,11
ARKANSAS,2011,2393,5541,4020,2859,1296,1306,6311,8185,206,154,1868,2242,6900,3322,1401,15,35,721,3990,477,658,,2044,1394,872,2472,1757,506,381,786,14,7411,872,3035,3990,786,14
ARKANSAS,2012,2049,4994,3705,2564,1342,1187,5791,7476,211,174,1781,2356,6156,2515,908,552,41,742,3529,459,699,,1527,1404,901,2062,1507,402,330,565,486,6209,901,2964,3529,565,486
ARKANSAS,2013,2276,6017,4479,2972,1490,1305,6715,8770,201,207,2219,3118,7112,3092,1226,59,53,939,4111,594,885,,1941,1867,1088,2340,1779,494,427,674,43,7479,1088,3840,4111,674,43
ARKANSAS,2014,2220,6127,4624,3204,1699,1391,6945,8955,217,271,2539,3100,7009,3391,1292,56,54,1067,4081,569,975,,2104,1908,1232,2539,1816,438,420,631,39,8001,1232,3889,4081,631,39
ARKANSAS,2015,2131,5661,4741,3194,1979,1481,7122,8699,268,251,2447,2670,6730,3849,1430,63,66,1084,3681,443,887,,2397,1731,1211,2876,1955,352,449,534,41,8827,1211,3413,3681,534,41
ARKANSAS,2016,2044,5585,4763,3057,2087,1502,7522,8093,270,252,2626,2551,6253,4051,1473,59,72,1125,3604,378,806,,2509,1533,1259,2973,1959,272,464,540,44,9102,1259,2988,3604,540,44
ARKANSAS,2017,2105,5631,5016,3100,2218,1636,8028,7967,279,249,2812,2870,6196,4148,1458,57,58,1177,3957,387,737,,2551,1582,1395,2970,1938,284,490,508,38,9183,1395,2989,3957,508,38
ARKANSAS,2018,2092,5324,5056,3046,2282,1577,8141,7678,310,234,2525,3096,6097,4110,1375,50,66,1220,3965,370,770,,2466,1462,1430,2864,1898,258,505,488,36,9020,1430,2861,3965,488,36
ARKANSAS,2019,1941,5381,5006,3094,2337,1454,8639,7325,281,172,2458,3275,6118,4095,1315,46,69,1173,4106,375,734,,2424,1438,1553,2822,1798,224,547,460,37,8833,1553,2770,4106,460,37
CALIFORNIA,2004,24476,55579,52395,26316,7790,191,1236,197,127,9682,69299,36232,18637,9695,22833,51,954,30901,33724,3094,8288,6974,13153,13829,13707,13700,18362,3641,5631,292,306,82702,13707,35825,33724,292,306
CALIFORNIA,2005,24545,56685,52112,28599,8735,205,1375,226,130,10210,70460,35824,20366,10107,23522,56,977,31942,34445,3034,8170,7550,13510,13966,14400,13893,18794,3772,5607,294,322,84723,14400,36492,34445,294,322
CALIFORNIA,2006,24173,58122,52077,31333,9808,212,1515,240,144,10578,71673,36124,22154,10496,24277,67,999,33272,34721,2932,8020,7845,13821,14179,15367,14267,19749,3856,5835,273,377,87943,15367,36831,34721,273,377
CALIFORNIA,2007,23370,57445,49961,32808,10698,221,1665,259,121,10162,69335,35393,23516,10816,24864,75,1070,33931,33253,2833,7501,7349,13858,13990,15476,14317,20519,3608,5902,299,376,89596,15476,35281,33253,299,376
CALIFORNIA,2008,23338,56484,47899,34125,11823,241,1838,280,142,10031,66163,35306,25057,11228,25680,62,1049,35029,30909,2743,7486,6552,14073,14000,15658,14540,21322,3654,5986,299,370,91999,15658,34436,30909,299,370
CALIFORNIA,2009,23264,55152,45771,34238,12850,256,2067,306,134,9073,61408,35766,26722,11653,26452,67,1081,35888,28017,2556,7142,5877,14315,13968,15353,14795,22159,3489,5999,282,354,94237,15353,33032,28017,282,354
CALIFORNIA,2010,21891,52557,42841,33935,13838,277,2322,335,127,7063,54734,36090,27938,12017,27027,66,1030,36388,24238,2242,6418,5040,14442,13687,14408,15066,22445,3078,6032,244,302,95404,14408,30466,24238,244,302
CALIFORNIA,2011,19741,46610,38068,30947,14202,307,2646,368,106,5598,41838,33368,28693,12467,27320,178,969,35545,18636,1559,4639,3410,14425,12310,12769,14477,22088,2515,5682,226,320,93186,12769,24433,18636,226,320
CALIFORNIA,2012,17320,40649,33750,28122,14693,344,3002,406,55,2074,30782,31800,28791,13625,27232,174,977,35953,11727,659,2871,1733,14461,10772,10868,14273,22624,1708,5570,153,187,93857,10868,17742,11727,153,187
CALIFORNIA,2013,17187,41730,34316,27374,15374,391,3536,448,71,1929,30545,31992,29729,13757,27220,738,964,37140,10449,563,2559,1710,14295,11083,11660,14404,22900,1576,5793,152,732,95496,11660,17491,10449,152,732
CALIFORNIA,2014,16394,42227,34203,26893,16368,477,4303,538,80,1620,30362,31585,30109,13747,27779,803,1016,38013,9251,486,2089,1723,14232,10836,12413,14744,23142,1405,5902,128,706,97048,12413,16538,9251,128,706
CALIFORNIA,2015,14889,40263,32639,24995,16807,571,5295,694,44,1574,25752,29335,29913,14046,28040,889,1002,38048,6239,397,1310,1769,14064,9092,12512,14912,22518,1035,5835,141,719,96379,12512,13603,6239,141,719
CALIFORNIA,2016,13848,40604,33371,24329,17931,753,7173,951,44,1472,26186,29098,30119,14298,28260,606,1044,38700,5564,332,1459,1803,13960,8960,12814,15161,22672,1064,5946,147,456,97484,12814,13619,5564,147,456
CALIFORNIA,2017,12968,41097,34035,23930,19008,793,8088,1157,33,1612,26956,28687,30178,14601,28361,612,1116,39272,5340,340,1454,1891,13719,8812,13218,15331,22682,1222,6035,148,459,98155,13218,13718,5340,148,459
CALIFORNIA,2018,11561,40408,33830,23024,19802,788,8565,1351,54,1580,26255,27393,29570,14871,28331,572,1123,39350,4860,295,1428,1854,13408,8406,12953,15338,21912,1260,5868,147,423,96999,12953,13243,4860,147,423
CALIFORNIA,2019,10152,38185,32403,21805,20141,744,8794,1456,31,1437,24582,25374,28124,14703,27660,777,1095,37856,4304,247,1311,1660,12914,7858,12061,15157,20653,1223,5569,135,644,93244,12061,12300,4304,135,644
COLORADO,2004,3386,6864,6065,3020,958,1797,13703,4411,400,331,10130,5178,1340,1430,1483,,313,2210,4126,407,1398,496,1338,1521,2821,2287,1502,814,1029,25,,8679,2821,4636,4126,25,
COLORADO,2005,3398,7351,6340,3323,1044,1654,14649,4589,471,486,10819,5314,1246,1473,1643,,327,2283,4222,455,1491,564,1403,1570,3263,2323,1540,882,1090,26,17,8966,3263,4962,4222,26,17
COLORADO,2006,3349,7770,6502,3710,1150,1654,15169,4892,553,535,11202,5581,1162,1561,1884,,344,2344,4403,501,1551,578,1463,1642,3642,2403,1521,884,1164,30,10,9239,3642,5156,4403,30,10
COLORADO,2007,3204,8050,6390,3965,1233,1256,15523,4574,600,501,11316,5647,1114,1615,2045,,339,2456,4244,492,1501,596,1519,1616,3833,2458,1502,976,1264,34,10,9540,3833,5180,4244,34,10
COLORADO,2008,3081,8185,6388,4243,1376,1046,16167,4553,627,539,11336,5815,1083,1675,2197,,344,2521,4158,612,1427,544,1577,1629,3972,2566,1494,1017,1362,47,,9865,3972,5228,4158,47,
COLORADO,2009,2938,8073,6052,4275,1458,933,16345,4415,532,406,10832,5853,1081,1760,2329,,340,2609,3843,636,1225,514,1657,1630,3883,2614,1513,906,1374,51,,10107,3883,4911,3843,51,
COLORADO,2010,2750,8149,5985,4288,1643,862,16240,4084,445,386,10592,6007,1073,1862,2450,,353,2785,3602,673,1175,477,1726,1640,3833,2633,1607,849,1409,52,,10513,3833,4815,3602,52,
COLORADO,2011,2571,7806,5690,4126,1784,756,15071,3486,422,351,9715,5860,1133,1943,2552,,349,2879,3096,631,1031,419,1765,1624,3589,2673,1649,807,1412,51,,10728,3589,4512,3096,51,
COLORADO,2012,2344,7178,5302,3814,1825,672,13351,3153,435,346,8620,5268,1217,1994,2578,,327,2796,2582,586,892,366,1783,1556,3322,2581,1566,691,1372,39,,10425,3322,4091,2582,39,
COLORADO,2013,2294,7182,5264,3728,1902,597,12570,3229,454,341,8577,4914,1380,2084,2618,,302,2722,2505,607,843,385,1817,1573,3318,2588,1526,730,1403,51,,10357,3318,4138,2505,51,
COLORADO,2014,2158,7276,5382,3700,2130,517,11992,3530,559,338,8620,4619,1661,2150,2696,,306,2771,2427,663,790,414,1828,1617,3468,2635,1566,719,1400,39,,10506,3468,4204,2427,39,
COLORADO,2015,1957,6982,5280,3581,2241,446,11241,3615,634,313,8035,4146,1947,2219,2746,,306,2779,2175,623,657,425,1847,1615,3269,2623,1569,661,1458,36,,10581,3269,3980,2175,36,
COLORADO,2016,1799,6818,5503,3515,2346,392,10810,3718,695,358,7725,3746,2349,2332,2775,,304,2894,2001,667,552,466,1904,1630,3313,2560,1564,587,1508,32,,10733,3313,3902,2001,32,
COLORADO,2017,1744,6636,5654,3473,2439,329,10287,4010,762,362,7212,3609,2839,2415,2745,,272,3035,1864,726,494,497,1908,1592,3379,2483,1623,574,1463,35,,10784,3379,3883,1864,35,
COLORADO,2018,1708,6697,5939,3480,2549,278,9817,4305,726,427,6583,3925,3412,2515,2782,,294,3185,1856,684,482,488,1926,1635,3514,2505,1741,559,1460,42,,11111,3514,3848,1856,42,
COLORADO,2019,1571,6470,5845,3305,2593,254,8665,4808,293,306,5418,4361,3888,2668,2844,,292,3398,1560,557,480,452,2011,1727,3101,2533,1824,499,1315,32,,11372,3101,3716,1560,32,
CONNECTICUT,2004,4322,7001,5446,2146,582,3081,9231,7149,2719,1488,6564,4526,2396,1788,,16,81,1460,4471,138,1017,30,1568,1000,4545,1079,1633,146,788,1541,,6608,4545,2331,4471,1541,
CONNECTICUT,2005,4254,6874,5400,2275,639,2873,9397,7137,2805,1509,6332,4493,2447,1840,,16,72,1499,4132,154,1001,29,1591,1075,4671,1056,1682,184,811,1486,,6711,4671,2442,4132,1486,
CONNECTICUT,2006,4470,7149,5585,2610,753,2824,10237,7459,2995,1712,6552,4796,2595,1902,,15,78,1495,4418,150,1090,34,1642,1078,5195,1090,1699,169,823,1602,,6827,5195,2521,4418,1602,
CONNECTICUT,2007,4461,7349,5608,2743,763,2809,10525,7547,2749,1645,6853,4985,2764,1909,,20,80,1541,4461,131,1092,30,1703,1166,5081,1115,1771,160,845,1744,,7055,5081,2578,4461,1744,
CONNECTICUT,2008,4236,7330,5454,2813,828,2596,10448,7572,2677,1678,6554,4952,2856,1929,,15,73,1578,4271,154,1048,23,1708,1128,5056,1128,1695,182,837,1770,,7019,5056,2536,4271,1770,
CONNECTICUT,2009,3964,6937,5072,2872,871,2477,10063,7131,2500,1498,6099,4707,2951,1948,,13,85,1643,3652,120,926,17,1746,1139,4975,1167,1668,165,772,1640,,7081,4975,2367,3652,1640,
CONNECTICUT,2010,3800,6771,4749,3019,982,2447,9580,7247,2352,1397,5961,4639,3002,1956,,13,89,1639,3458,119,880,21,1739,1237,4739,1177,1671,175,776,1600,,7091,4739,2433,3458,1600,
CONNECTICUT,2011,3481,6403,4436,3007,998,2268,8902,7116,2195,1329,5477,4378,2980,1937,,29,77,1636,2988,101,817,10,1737,1213,4428,1176,1603,150,784,1604,,7012,4428,2292,2988,1604,
CONNECTICUT,2012,3245,6035,4292,2895,1063,2136,8282,7080,2110,1276,5307,4001,2804,2016,,17,74,1461,2736,75,844,15,1783,1204,4255,1163,1507,143,732,1538,,6719,4255,2281,2736,1538,
CONNECTICUT,2013,2959,6103,4355,3006,1140,2127,8246,7143,2031,1363,5560,3942,2683,1971,,13,58,1454,2588,99,831,10,1752,1236,4438,1171,1493,169,768,1496,,6697,4438,2345,2588,1496,
CONNECTICUT,2014,2524,5832,4205,2883,1193,2115,7854,6626,1869,1241,5257,3775,2558,1932,,,62,1364,2513,111,757,,1732,1224,4074,1148,1398,119,764,1365,,6468,4074,2215,2513,1365,
CONNECTICUT,2015,2205,5548,4071,2731,1260,2032,7529,6215,1722,1215,4975,3516,2463,1914,,11,80,1359,2181,96,720,,1723,1146,4066,1108,1297,128,695,1212,,6263,4066,2095,2181,1212,
CONNECTICUT,2016,1919,5322,3861,2585,1270,1972,7217,5720,1729,1104,4561,3199,2374,1970,,18,75,1302,1850,85,691,,1754,1054,3882,1040,1193,93,715,1213,,6079,3882,1931,1850,1213,
CONNECTICUT,2017,1671,4938,3624,2454,1352,1911,6765,5322,1526,1035,4178,2968,2304,2019,,10,70,1275,1559,91,645,,1795,989,3591,965,1115,101,739,1099,,5960,3591,1832,1559,1099,
CONNECTICUT,2018,1525,4663,3692,2364,1437,1835,6733,5071,1567,963,3976,2838,2245,2085,,,75,1246,1425,80,669,,1879,912,3599,909,1039,112,664,1065,,5812,3599,1781,1425,1065,
CONNECTICUT,2019,1319,4252,3581,2234,1438,1714,6345,4690,1357,886,3830,2607,2105,2035,,,74,1258,1284,76,571,,1829,802,3456,896,928,103,611,927,,5596,3456,1561,1284,927,
DELAWARE,2004,,,,,,,,,,,,,,,,,,,,,,,,,,,,,,,,,,,,,
DELAWARE,2005,,,,,,,,,,,,,,,,,,,,,,,,,,,,,,,,,,,,,
DELAWARE,2006,,,,,,,,,,,,,,,,,,,,,,,,,,,,,,,,,,,,,
DELAWARE,2007,,,,,,,,,,,,,,,,,,,,,,,,,,,,,,,,,,,,,
DELAWARE,2008,,,,,,,,,,,,,,,,,,,,,,,,,,,,,,,,,,,,,
DELAWARE,2009,1369,2194,1556,1208,449,,,,2578,267,1111,772,713,461,184,690,18,342,1043,42,67,,478,367,2605,822,665,29,135,83,74,2460,2605,510,1043,83,74
DELAWARE,2010,1300,2196,1488,1165,465,,,,2594,255,1064,681,717,479,182,643,10,346,963,39,100,10,486,348,2448,818,689,49,150,75,82,2499,2448,547,963,75,82
DELAWARE,2011,1325,2228,1496,1155,535,,,,2610,229,1077,683,751,495,181,714,12,340,895,37,70,,499,389,2644,806,712,30,144,68,87,2513,2644,533,895,68,87
DELAWARE,2012,1310,2337,1533,1192,541,,,,2627,239,1120,686,813,521,186,722,,376,853,34,104,,532,403,2793,801,715,27,115,55,88,2548,2793,577,853,55,88
DELAWARE,2013,1269,2408,1514,1167,647,,,,2590,295,1025,749,897,596,179,672,,377,854,32,92,,558,393,2814,842,730,32,126,57,85,2641,2814,554,854,57,85
DELAWARE,2014,1086,2456,1559,1172,681,,,,2485,226,1001,825,963,622,171,662,10,388,755,29,90,,560,378,2933,836,684,30,134,56,70,2612,2933,530,755,56,70
DELAWARE,2015,1003,2228,1577,1131,716,,,,2143,236,919,923,1024,647,164,597,10,389,724,20,72,10,570,392,2678,819,689,34,129,56,62,2606,2678,528,724,56,62
DELAWARE,2016,900,2245,1567,1124,749,,,,2016,169,881,946,1117,680,161,614,10,411,735,23,65,,590,378,2586,814,705,32,130,40,58,2659,2586,507,735,40,58
DELAWARE,2017,854,2205,1522,1078,784,,,,1924,,998,970,1133,708,149,558,15,398,692,22,60,,583,371,2567,784,692,26,122,40,64,2594,2567,484,692,40,64
DELAWARE,2018,689,2048,1496,1021,812,,,,1508,,1022,1049,1135,662,140,547,17,367,634,14,53,,559,337,2507,741,624,15,97,36,61,2404,2507,426,634,36,61
DELAWARE,2019,617,1807,1500,917,851,,,,897,,1124,1163,1137,682,148,537,11,334,596,,54,,551,258,2347,736,566,20,117,34,57,2316,2347,343,596,34,57
FLORIDA,2004,13635,27591,25841,13889,4578,4800,18788,58789,3187,6221,21567,16247,18952,8495,9537,1328,1728,8067,16393,1550,2151,1062,9608,10816,7171,9376,11750,2676,2747,82,356,43275,7171,18255,16393,82,356
FLORIDA,2005,13281,28888,26726,15651,5222,4804,20936,60970,3351,6261,21977,16618,19698,9568,10009,2286,1804,8805,16330,1502,2402,1097,9864,11497,8372,9856,12071,2811,2886,100,371,45287,8372,19309,16330,100,371
FLORIDA,2006,13147,29367,27422,17148,5886,4762,21684,62165,4398,6629,22173,16963,20683,9637,10341,2146,1847,9167,17011,1634,2588,1114,10005,11591,9585,9979,12208,2865,2921,86,366,46128,9585,19793,17011,86,366
FLORIDA,2007,14000,30759,27921,18853,6685,4904,23307,64815,4664,7151,23595,17832,22108,9997,10782,2089,1965,9532,18190,1681,2836,1161,10359,12193,10494,10485,12794,3040,3019,90,381,48153,10494,20911,18190,90,381
FLORIDA,2008,15256,32120,27730,19930,7352,4782,24616,67820,4103,7287,25809,18731,23249,10304,11101,1803,2028,9963,18637,1825,3181,1137,10591,12863,11038,10802,13635,3204,3039,116,329,50058,11038,22210,18637,116,329
FLORIDA,2009,16306,32752,26698,20090,8068,4685,24785,69651,3314,6894,26419,19549,24475,10617,11477,1170,2101,10241,18300,1908,3237,1076,10878,13441,10655,10906,14474,3228,3069,134,268,51669,10655,22890,18300,134,268
FLORIDA,2010,16475,32902,25920,20226,8783,4730,24846,69792,1219,8002,26157,20237,25452,11058,11879,301,2117,10363,17473,1992,3392,1026,11192,13960,9923,11193,14928,3239,3086,165,257,52879,9923,23609,17473,165,257
FLORIDA,2011,15759,32440,25233,20081,9543,4555,23494,67109,1468,6740,24902,20133,25949,11307,12178,378,2106,10298,16260,2253,3602,1053,11371,14009,9350,11267,14873,3081,3131,192,211,53045,9350,23997,16260,192,211
FLORIDA,2012,14458,31916,25095,20168,10293,3420,16396,47963,1319,6120,23545,19838,26668,11704,12475,260,2131,10238,15541,2134,3479,916,11712,13893,8788,11566,14890,3052,3204,186,200,53741,8788,23474,15541,186,200
FLORIDA,2013,13653,32516,25314,20413,11132,2783,12611,36837,1455,6465,23234,19511,27254,12124,12847,137,2184,10335,15215,2066,3673,920,12065,14164,8865,11857,14805,3362,3224,184,111,54469,8865,24185,15215,184,111
FLORIDA,2014,12456,32598,25487,20291,12037,2382,10349,30269,1563,6202,22582,19230,27597,12458,13150,89,2165,10286,14652,2000,3739,909,12369,14030,8913,12207,14687,3467,3167,203,76,54881,8913,24145,14652,203,76
FLORIDA,2015,11099,31795,25484,20082,12965,2098,8838,26088,1421,5795,21282,18826,27703,12891,13430,76,2154,10117,13667,1802,3640,881,12579,13895,9047,12367,14551,3318,3106,230,69,54874,9047,23537,13667,230,69
FLORIDA,2016,10072,31118,25276,19784,13724,1870,7796,23063,1352,5451,20266,18106,27738,13279,13727,55,2179,10159,13035,1694,3501,886,12834,13361,9087,12444,14218,3205,3062,255,55,54896,9087,22646,13035,255,55
FLORIDA,2017,9104,30347,25362,19136,14555,1691,6995,20649,1282,5384,19475,17484,27314,13603,13920,42,2184,10065,12540,1606,3306,913,13037,12885,9285,12521,13838,2982,2993,305,42,54639,9285,21693,12540,305,42
FLORIDA,2018,8331,29566,25689,18729,15223,1548,6247,18533,26,6895,19056,16827,26780,13842,14089,22,2212,10025,12450,1539,3158,965,13221,12264,9618,12461,13515,2792,2965,326,26,54400,9618,20718,12450,326,26
FLORIDA,2019,7437,28111,25971,18370,16119,1452,5711,16947,,6554,18431,16291,26339,14066,14308,15,2256,9735,12267,1470,2861,967,13458,11701,9656,12705,13081,2513,2943,371,22,54179,9656,19513,12267,371,22
GEORGIA,2004,8547,17134,14781,7651,2992,,,,463,813,4903,9691,24008,3812,7250,164,530,6494,7148,1798,1460,271,6324,5585,2882,7094,7809,1160,2371,86,91,30622,2882,10274,7148,86,91
GEORGIA,2005,7458,16685,13801,7777,3029,,,,388,657,4583,9514,22766,3823,6883,135,515,6145,6929,1683,1330,209,5949,5252,2947,6868,7381,1068,2309,79,86,29167,2947,9542,6929,79,86
GEORGIA,2006,7886,18140,14649,8785,3333,,,,415,698,5228,10570,24428,4174,7111,169,517,6554,8269,1969,1478,209,6085,5629,3508,7268,7535,1150,2465,73,85,30423,3508,10434,8269,73,85
GEORGIA,2007,7989,18606,14749,9337,3576,,,,375,639,5399,10729,25200,4542,7221,152,545,6751,8728,1882,1572,196,6160,5786,3689,7403,7583,1237,2570,65,89,31012,3689,10673,8728,65,89
GEORGIA,2008,7743,17802,13920,9453,3801,,,,348,652,5170,9776,24394,4881,7344,155,531,6515,8204,1765,1555,175,6212,5491,3385,7387,7571,1169,2594,73,92,30810,3385,10155,8204,73,92
GEORGIA,2009,8676,19179,14534,10348,4250,,,,438,678,5462,10533,26151,5560,8015,149,580,7099,8540,1949,1680,184,6717,6005,3647,7893,8297,1309,2912,71,102,33497,3647,11128,8540,71,102
GEORGIA,2010,8907,18769,13972,10310,4473,,,,462,598,5038,10486,25598,5917,8179,153,584,7195,7797,1925,1553,178,6850,6105,3540,7858,8427,1251,2986,76,109,33899,3540,11011,7797,76,109
GEORGIA,2011,9041,18355,13639,10207,4702,,,,365,585,4421,10767,25231,6188,8235,152,547,7289,7245,1819,1629,164,6925,6316,3396,7811,8503,1146,2948,88,116,34024,3396,11074,7245,88,116
GEORGIA,2012,8926,18018,13498,10102,4913,,,,351,580,4167,10783,24962,6266,8185,162,523,7283,6972,1690,1645,140,6934,6620,3375,7643,8389,1084,2940,85,136,33711,3375,11178,6972,85,136
GEORGIA,2013,8388,17538,13143,9708,5227,,,,390,532,3881,9878,24143,6589,8419,174,525,7290,5940,1356,1476,126,7169,6490,3371,7785,8421,925,2903,67,158,34094,3371,10374,5940,67,158
GEORGIA,2014,7637,17343,13183,9335,5451,,,,377,508,3950,9038,23414,6837,8631,193,529,7340,5482,1170,1354,123,7340,6082,3492,7797,8291,815,2901,69,164,34198,3492,9545,5482,69,164
GEORGIA,2015,6941,17225,13157,9112,5758,1024,4454,8629,335,540,3858,8536,22994,7084,8637,209,525,7411,5426,1021,1360,115,7371,5774,3619,7510,8213,737,2847,88,175,33879,3619,9007,5426,88,175
GEORGIA,2016,6600,17866,13731,9228,6202,1630,7194,14732,371,535,3986,8537,23561,7491,8921,225,525,7819,5648,1000,1417,120,7559,5614,3998,7597,8380,754,2911,93,193,34790,3998,8905,5648,93,193
GEORGIA,2017,6167,17957,13844,9140,6558,1776,8184,18479,357,540,3749,8443,23433,7797,9106,242,563,7946,5596,890,1380,123,7712,5356,4220,7640,8278,742,2940,84,197,35079,4220,8492,5596,84,197
GEORGIA,2018,5859,17763,14035,9197,6794,1813,8807,21486,407,605,3785,8257,23012,8089,9250,241,598,7993,5625,787,1348,117,7825,5190,4441,7798,7995,721,2922,92,195,35131,4441,8164,5625,92,195
GEORGIA,2019,5808,17924,14600,9278,7206,1867,9802,24348,465,682,4233,8401,22966,8385,9446,238,619,8132,5997,806,1414,130,8009,4939,4960,7916,7763,753,3075,113,192,35513,4960,8042,5997,113,192
HAWAII,2004,,,,,,,,,,,,,,,,,,,,,,,,,,,,,,,,,,,,,
HAWAII,2005,,,,,,,,,,,,,,,,,,,,,,,,,,,,,,,,,,,,,
HAWAII,2006,,,,,,,,,,,,,,,,,,,,,,,,,,,,,,,,,,,,,
HAWAII,2007,,,,,,,,,,,,,,,,,,,,,,,,,,,,,,,,,,,,,
HAWAII,2008,,,,,,,,,,,,,,,,,,,,,,,,,,,,,,,,,,,,,
HAWAII,2009,,,,,,,,,,,,,,,,,,,,,,,,,,,,,,,,,,,,,
HAWAII,2010,,,,,,,,,,,,,,,,,,,,,,,,,,,,,,,,,,,,,
HAWAII,2011,,,,,,,,,,,,,,,,,,,,,,,,,,,,,,,,,,,,,
HAWAII,2012,,,,,,,,,,,,,,,,,,,,,,,,,,,,,,,,,,,,,
HAWAII,2013,,,,,,,,,,,,,,,,,,,,,,,,,,,,,,,,,,,,,
HAWAII,2014,,,,,,,,,,,,,,,,,,,,,,,,,,,,,,,,,,,,,
HAWAII,2015,306,1784,1655,1389,745,,,,45,,23,2142,3071,,444,147,70,338,1124,108,469,306,523,611,739,553,517,138,376,,,2378,739,1632,1124,,
HAWAII,2016,262,1737,1593,1268,741,,,,35,,10,2008,2896,,413,236,58,355,1011,98,502,278,500,579,711,515,480,135,373,,,2281,711,1592,1011,,
HAWAII,2017,248,1648,1653,1268,813,,,,42,,17,1961,3043,,450,114,61,381,956,93,482,277,546,610,697,531,479,134,372,,,2370,697,1596,956,,
HAWAII,2018,217,1591,1589,1160,818,,,,68,,15,1881,2817,,427,155,54,391,835,104,455,275,523,576,686,496,489,132,350,,,2303,686,1543,835,,
HAWAII,2019,213,1603,1534,1059,870,,,,48,,10,1167,2218,,403,1428,52,357,777,115,412,269,536,570,712,496,490,136,346,,,2276,712,1503,777,,
IDAHO,2004,,,,,,,,,,,,,,,,,,,,,,,,,,,,,,,,,,,,,
IDAHO,2005,,,,,,,,,,,,,,,,,,,,,,,,,,,,,,,,,,,,,
IDAHO,2006,,,,,,,,,,,,,,,,,,,,,,,,,,,,,,,,,,,,,
IDAHO,2007,,,,,,,,,,,,,,,,,,,,,,,,,,,,,,,,,,,,,
IDAHO,2008,,,,,,,,,,,,,,,,,,,,,,,,,,,,,,,,,,,,,
IDAHO,2009,,,,,,,,,,,,,,,,,,,,,,,,,,,,,,,,,,,,,
IDAHO,2010,1081,2602,1737,1400,611,,,,16,12,609,3109,3062,467,,155,52,1009,1489,270,545,,365,644,992,1502,203,71,284,,,3415,992,1530,1489,,
IDAHO,2011,,,,,,,,,,,,,,,,,,,,,,,,,,,,,,,,,,,,,
IDAHO,2012,962,2626,2048,1562,787,,,,,59,1443,1892,1166,103,151,3167,35,751,1377,434,467,21,351,771,785,1337,163,214,336,,938,2973,785,1905,1377,,938
IDAHO,2013,1162,2791,2009,1497,782,,,,12,43,1587,3299,2246,342,676,38,53,935,1717,319,625,251,420,676,1301,1346,201,42,341,,,3296,1301,1913,1717,,
IDAHO,2014,1081,2811,2045,1432,748,174,4161,181,5477,1523,512,,,,578,24,48,1091,1772,397,541,30,327,903,961,1350,250,43,388,,10,3454,961,1914,1772,,10
IDAHO,2015,1077,2724,2083,1364,803,183,4349,236,5309,1568,543,,,,609,14,54,1067,1889,322,520,38,349,863,873,1371,259,37,400,,,3499,873,1781,1889,,
IDAHO,2016,1049,2852,2147,1325,879,120,10,12,5719,1492,584,10,,,,446,35,846,2215,1034,619,52,382,562,1255,588,228,51,364,10,11,2444,1255,2317,2215,10,11
IDAHO,2017,,,,,,,,,,,,,,,,,,,,,,,,,,,,,,,,,,,,,
IDAHO,2018,899,3072,2380,1349,964,140,13,18,,,,,,,,8664,,,,,,,,,,,,,,,8664,,,,,,8664
IDAHO,2019,901,3281,2703,1497,1054,144,6163,381,,,,,,,,9437,53,1006,3129,925,599,41,409,510,1570,522,219,56,371,11,14,2581,1570,2132,3129,11,14
ILLINOIS,2004,9206,15875,12236,5316,1421,3841,13531,20915,1249,793,12356,12452,8038,7840,1273,54,238,3472,10650,677,2151,1251,7110,5243,3555,3830,4787,400,647,,40,20086,3555,9722,10650,,40
ILLINOIS,2005,8928,16056,12498,5785,1652,4056,14254,22285,1216,800,12500,12997,8110,7898,1313,84,239,3618,10849,678,2114,1142,7150,5168,3846,4191,4755,427,667,,70,20620,3846,9528,10849,,70
ILLINOIS,2006,8548,15840,12578,6287,1853,4060,15037,22425,901,700,12711,13259,8164,7896,1360,115,266,3679,10939,740,1944,1097,7134,5078,4147,4250,4625,428,677,,101,20631,4147,9286,10939,,101
ILLINOIS,2007,8223,15663,12489,6863,1977,4214,15366,22583,914,660,12493,13487,8317,7845,1387,113,300,3780,10661,740,1936,1020,7044,5079,4596,4366,4432,447,713,,100,20635,4596,9222,10661,,100
ILLINOIS,2008,8096,15661,12321,7172,2224,4430,16011,22283,896,690,12340,13726,8492,7764,1426,140,306,3995,9950,668,2030,966,7009,5124,5087,4509,4498,498,702,,127,21019,5087,9286,9950,,127
ILLINOIS,2009,8103,15481,11769,7356,2453,4548,16765,21345,731,604,12386,13477,8738,7625,1450,149,330,4091,9097,622,2154,893,6910,5195,5570,4621,4398,458,684,,137,21033,5570,9322,9097,,137
ILLINOIS,2010,8845,16318,12512,7930,2813,5067,18656,22349,1302,965,14032,13796,9155,7576,1472,120,347,4528,9576,719,2637,799,6922,5587,6665,4655,4647,482,738,,108,21837,6665,10225,9576,,108
ILLINOIS,2011,8694,15965,12485,8198,3085,5053,18599,22637,1230,894,13490,14152,9513,7547,1490,110,368,4524,9415,680,2304,790,6907,5749,7070,4658,4714,415,735,,97,21906,7070,9938,9415,,97
ILLINOIS,2012,8888,16079,12547,8426,3408,5171,19110,23091,1385,950,13985,14060,9799,7558,1521,88,388,4749,9377,621,2331,816,6879,5753,7606,4762,4791,433,762,,75,22331,7606,9954,9377,,75
ILLINOIS,2013,8385,15635,12432,8467,3733,5402,19193,22197,1222,911,13584,13838,9972,7501,1541,85,416,4871,9088,604,2278,750,6808,5448,7478,4838,4796,477,725,,72,22454,7478,9557,9088,,72
ILLINOIS,2014,8061,15458,12315,8435,4008,5434,19055,21837,1184,754,13137,13775,10249,7550,1564,66,390,5037,9171,526,2054,695,6816,5064,7445,4983,4895,400,745,,55,22867,7445,8739,9171,,55
ILLINOIS,2015,7138,14674,11930,8262,4236,5226,18225,20457,1209,768,11811,12880,10354,7560,1591,68,384,5075,8354,495,1819,636,6797,4457,7131,5027,4836,413,767,,45,22886,7131,7820,8354,,45
ILLINOIS,2016,6212,13777,11431,7796,4441,4150,16262,17991,966,653,11010,11704,10250,7449,1577,49,360,4999,7603,483,1564,576,6686,3715,6915,4934,4621,380,779,,35,22379,6915,6718,7603,,35
ILLINOIS,2017,5553,13324,10823,7177,4551,3598,14675,16198,746,513,10096,10870,10152,7438,1564,48,356,5083,6547,392,1195,586,6654,3194,6680,4977,4610,362,755,,34,22435,6680,5729,6547,,34
ILLINOIS,2018,4693,13069,10672,6919,4612,3121,13488,15099,702,489,9451,10243,10049,7432,1565,34,328,5099,6051,404,1064,560,6596,2848,6503,5033,4389,320,745,,21,22189,6503,5197,6051,,21
ILLINOIS,2019,3986,12414,10557,6582,4720,2692,12123,13949,663,456,9139,9465,9592,7347,1562,34,324,5122,5403,391,998,566,6477,2524,6405,5033,3980,324,689,,21,21625,6405,4803,5403,,21
INDIANA,2004,4373,8314,6865,3391,1065,3414,4162,16246,674,1652,3844,5714,6116,5550,252,206,16,1356,5455,890,227,,2377,2602,3119,2893,1923,1106,715,1322,,9280,3119,4831,5455,1322,
INDIANA,2005,4186,8613,6835,3689,1131,3271,4308,16663,915,1981,3947,5616,5975,5521,239,259,12,1327,5867,968,239,,2335,2516,3253,2829,1911,1134,744,1315,,9159,3253,4860,5867,1315,
INDIANA,2006,4362,9139,7185,4137,1269,3356,4619,17863,1060,1281,5207,5856,6250,5868,250,320,14,1371,6218,1039,278,,2443,2632,3599,3043,2038,1330,781,1302,,9691,3599,5281,6218,1302,
INDIANA,2007,4373,9507,7356,4471,1426,3459,4740,18303,1106,1282,5412,6128,6570,5989,247,398,21,1527,6477,1084,276,,2476,2728,3697,3223,2142,1393,804,1283,,10192,3697,5483,6477,1283,
INDIANA,2008,4546,10015,7428,4753,1580,3381,4772,18900,1164,2327,4757,6435,6720,6211,247,460,25,1562,6839,1144,279,,2480,2903,3937,3315,2196,1506,853,1281,,10432,3937,5833,6839,1281,
INDIANA,2009,4536,10350,7399,4876,1647,3381,4674,19094,1268,2521,4764,6423,6739,6363,238,492,25,1690,7018,1047,248,,2458,2913,4203,3346,2207,1616,834,1198,,10561,4203,5828,7018,1198,
INDIANA,2010,4370,9927,7212,4780,1740,3131,4651,18520,1053,1381,5322,6271,6845,6421,232,504,31,1612,7055,964,223,,2452,2941,3931,3195,2153,1658,799,1015,,10241,3931,5786,7055,1015,
INDIANA,2011,4300,10301,7424,4912,1969,3102,4701,19293,960,1124,5377,6518,7334,6820,234,540,47,1669,7521,934,244,,2571,3056,3965,3332,2167,1766,821,810,,10607,3965,6003,7521,810,
INDIANA,2012,4173,10071,7635,4902,2051,3006,4636,19216,922,2007,4381,6327,7451,6959,239,544,56,1692,7509,791,224,,2596,2970,4018,3431,2222,2086,808,419,,10805,4018,6078,7509,419,
INDIANA,2013,4325,10355,7918,5065,2249,2940,4792,19809,1048,2101,4766,6252,7790,7125,238,593,60,1695,7819,831,253,,2622,3194,4174,3527,2270,2117,840,399,108,11014,4174,6399,7819,399,108
INDIANA,2014,3974,10055,7991,4925,2325,2867,4743,19223,894,1254,5142,6193,7718,7227,235,609,64,1671,7791,797,227,,2650,3201,3908,3513,2236,1871,834,396,109,10968,3908,6099,7791,396,109
INDIANA,2015,3353,9284,7685,4632,2401,2775,4488,17940,445,1159,4931,5577,7260,7152,223,607,62,1667,7155,705,190,,2591,3215,3566,3472,2252,1309,769,396,,10813,3566,5422,7155,396,
INDIANA,2016,2931,8529,7273,4381,2432,2568,4204,16830,400,504,5084,5063,6523,7112,220,641,76,1664,6373,520,147,,2609,3178,3209,3496,2266,878,730,397,,10841,3209,4725,6373,397,
INDIANA,2017,2803,8568,7574,4459,2620,2630,4259,16957,387,529,5762,5210,6171,7095,217,654,89,1805,6336,474,138,,2621,3194,3463,3582,2312,840,766,399,,11175,3463,4648,6336,399,
INDIANA,2018,2666,8642,8078,4623,2869,2854,4371,17298,421,505,6217,5738,5999,7100,216,681,97,2028,6655,434,153,,2646,3157,3764,3652,2301,763,819,403,,11543,3764,4509,6655,403,
INDIANA,2019,2424,8498,8332,4801,3124,3062,4381,17288,235,717,6030,6217,5947,7128,208,698,109,2101,6831,375,139,,2669,3001,3842,3832,2302,765,794,417,,11807,3842,4281,6831,417,
IOWA,2004,1866,2764,2433,1100,363,484,4877,917,19,,542,2174,3386,1564,514,327,79,472,2103,339,635,23,567,775,1021,1017,582,148,301,463,,3019,1021,1920,2103,463,
IOWA,2005,1711,2875,2479,1270,403,431,4894,1362,25,,506,2080,3131,1478,479,1039,82,505,2104,357,628,26,521,792,1350,994,550,144,284,402,,2936,1350,1946,2104,402,
IOWA,2006,1677,2916,2449,1357,439,556,6697,1189,16,,624,2265,3230,1450,570,683,97,535,2069,354,630,27,576,842,1397,967,558,159,284,342,,3017,1397,2012,2069,342,
IOWA,2007,1586,2873,2337,1435,501,553,6647,1183,18,,617,2269,3331,1537,645,315,109,591,2007,302,637,29,592,826,1369,903,530,154,311,370,,3036,1369,1948,2007,370,
IOWA,2008,1629,2869,2231,1500,537,567,6581,1258,15,,579,2253,3334,1551,712,322,113,612,1953,273,624,33,608,846,1407,839,514,143,351,442,,3039,1407,1918,1953,442,
IOWA,2009,1646,2884,2145,1542,595,567,6723,1227,18,,519,2250,3351,1632,832,210,114,635,1908,259,619,32,658,844,1363,783,541,155,373,479,49,3105,1363,1909,1908,479,49
IOWA,2010,1755,3101,2262,1668,668,611,7191,1353,18,,691,2379,3506,1737,910,215,111,726,2019,258,625,32,683,905,1513,754,594,169,414,590,61,3283,1513,1989,2019,590,61
IOWA,2011,1658,3012,2135,1619,692,527,7072,1251,12,,596,2179,3425,1761,936,208,107,731,1938,238,569,24,677,906,1384,733,602,158,377,656,16,3227,1384,1895,1938,656,16
IOWA,2012,1589,2817,2011,1570,745,476,6773,1237,18,,579,2086,3192,1676,969,215,88,764,1816,272,540,25,662,924,1149,737,590,135,354,668,11,3195,1149,1895,1816,668,11
IOWA,2013,1604,2907,1948,1489,749,447,6695,1298,10,,613,2085,3096,1667,1016,209,93,609,1781,246,583,22,669,888,1219,662,589,134,359,833,11,2981,1219,1873,1781,833,11
IOWA,2014,1541,2926,2058,1519,795,462,6679,1437,13,,603,2107,3245,1676,1004,191,94,627,1812,232,602,21,674,849,1232,697,615,143,375,843,20,3082,1232,1847,1812,843,20
IOWA,2015,1418,3031,2047,1475,878,439,6677,1454,15,,607,2143,3220,1687,992,185,97,605,1733,267,580,36,673,824,1259,713,634,170,365,860,33,3086,1259,1879,1733,860,33
IOWA,2016,1350,3184,2144,1436,917,443,6723,1571,13,,674,2262,3220,1646,971,245,106,599,1657,295,602,35,681,871,1287,760,640,169,360,912,57,3146,1287,1972,1657,912,57
IOWA,2017,1340,3170,2177,1404,933,461,6661,1644,12,,637,2350,3191,1617,925,292,114,601,1578,248,669,37,701,855,1309,769,619,167,349,924,84,3153,1309,1976,1578,924,84
IOWA,2018,1295,3244,2419,1425,1035,513,6794,1812,,,671,2474,3355,1673,904,333,106,577,1652,292,715,39,724,838,1298,800,647,176,350,1091,113,3204,1298,2061,1652,1091,113
IOWA,2019,1232,3074,2471,1422,1083,507,6534,1904,12,,640,2402,3302,1633,838,453,106,508,1524,302,723,41,743,783,1186,819,655,152,341,1262,137,3172,1186,2001,1524,1262,137
KANSAS,2004,,,,,,,,,,,,,,,,,,,,,,,,,,,,,,,,,,,,,
KANSAS,2005,,,,,,,,,,,,,,,,,,,,,,,,,,,,,,,,,,,,,
KANSAS,2006,,,,,,,,,,,,,,,,,,,,,,,,,,,,,,,,,,,,,
KANSAS,2007,,,,,,,,,,,,,,,,,,,,,,,,,,,,,,,,,,,,,
KANSAS,2008,,,,,,,,,,,,,,,,,,,,,,,,,,,,,,,,,,,,,
KANSAS,2009,,,,,,,,,,,,,,,,,,,,,,,,,,,,,,,,,,,,,
KANSAS,2010,,,,,,,,,,,,,,,,,,,,,,,,,,,,,,,,,,,,,
KANSAS,2011,1507,3119,2178,1712,811,700,4394,2241,451,1160,2805,1356,2085,267,1117,84,87,925,1762,219,222,,1302,815,538,1902,1079,53,421,,,5716,538,1308,1762,,
KANSAS,2012,1482,3335,2268,1740,857,710,4491,2270,484,1148,3004,1401,2139,270,1141,94,85,969,1837,215,262,,1326,872,579,1974,1086,53,420,,,5860,579,1403,1837,,
KANSAS,2013,1465,3326,2320,1770,882,746,4492,2270,432,1178,3046,1430,2169,276,1136,95,86,990,1838,177,258,,1325,907,617,2015,1088,58,401,,,5905,617,1399,1838,,
KANSAS,2014,1403,3465,2349,1721,938,791,4474,2256,529,1263,3023,1414,2156,279,1118,94,86,990,2004,177,287,,1304,894,670,2000,1008,52,398,,,5786,670,1410,2004,,
KANSAS,2015,1219,3450,2479,1681,1028,883,4398,2216,521,1258,3036,1403,2138,287,1104,110,73,985,2174,194,297,,1281,819,640,1955,961,48,404,,25,5660,640,1358,2174,,25
KANSAS,2016,1175,3421,2578,1637,1109,855,4410,2240,479,1126,3030,1459,2277,304,1147,97,70,1071,2147,162,286,,1364,744,631,2016,968,59,397,,,5885,631,1251,2147,,
KANSAS,2017,1164,3366,2693,1621,1171,882,4422,2282,438,1148,3041,1486,2319,314,1173,96,77,1059,2248,151,228,,1410,703,699,2032,926,60,416,,,5920,699,1142,2248,,
KANSAS,2018,1081,3392,2847,1678,1220,924,4511,2308,404,1139,3191,1534,2332,324,1200,94,80,1105,2418,142,188,,1447,660,760,2051,874,65,422,,,5977,760,1056,2418,,
KANSAS,2019,993,3329,2900,1662,1293,938,4563,2267,301,1045,3253,1575,2361,332,1218,92,80,1132,2410,91,151,,1486,619,777,2077,869,59,420,,,6064,777,920,2410,,
KENTUCKY,2004,2985,6269,5161,2531,869,1518,10062,5653,544,131,2674,5573,6063,2105,702,24,452,961,4297,823,686,,1261,2002,2500,1764,1598,723,539,140,66,6577,2500,4235,4297,140,66
KENTUCKY,2005,2977,7198,5578,2950,960,1733,11097,6208,558,102,2973,5982,6748,2503,768,29,509,998,5193,867,637,,1389,2130,2366,2004,1733,936,562,276,62,7195,2366,4570,5193,276,62
KENTUCKY,2006,2853,7282,5655,3145,1065,1943,11121,6366,563,85,2924,5872,6985,2780,758,32,548,1012,5274,932,438,,1386,2064,2055,2139,1844,1311,459,531,,7389,2055,4749,5274,531,
KENTUCKY,2007,3127,8361,6171,3593,1204,2261,13207,5661,668,133,3391,6467,7699,3265,780,53,568,1061,6274,1101,1087,17,1380,2292,2544,2332,2018,964,745,75,,8104,2544,5460,6274,75,
KENTUCKY,2008,3085,8123,5745,3537,1216,2155,13286,5187,494,110,2933,6000,7864,3386,795,124,590,1102,5877,978,1060,20,1394,2271,2198,2341,2110,882,764,30,89,8301,2198,5211,5877,30,89
KENTUCKY,2009,3049,8200,5571,3503,1315,2027,13547,5183,513,101,2756,5994,7960,3353,793,168,563,1117,5950,914,975,23,1393,2399,2141,2310,2053,895,746,27,131,8182,2141,5207,5950,27,131
KENTUCKY,2010,2813,7764,5309,3344,1315,1848,13121,4775,413,78,2412,5627,7748,3299,788,179,565,1078,5505,785,920,15,1376,2323,1999,2265,2003,802,744,22,141,8031,1999,4845,5505,22,141
KENTUCKY,2011,2853,8297,5557,3448,1388,1885,13785,5059,362,79,2737,5767,8312,3293,806,190,561,1102,5822,806,999,29,1411,2533,2043,2354,2075,886,752,22,149,8255,2043,5254,5822,22,149
KENTUCKY,2012,2830,8519,5785,3480,1496,1877,14460,4879,474,103,2711,5850,8560,3380,819,213,562,1161,5802,833,1117,32,1417,2636,2033,2455,2158,932,781,23,168,8535,2033,5550,5802,23,168
KENTUCKY,2013,2562,8020,5576,3335,1537,1782,13744,4564,466,111,2412,5323,8336,3311,846,225,525,1133,5124,694,1009,30,1473,2546,1986,2488,2153,926,745,22,175,8518,1986,5205,5124,22,175
KENTUCKY,2014,2411,8244,6000,3341,1661,1795,14015,4737,510,141,2653,5585,8427,3280,848,213,486,1165,5383,719,1100,34,1484,2560,2054,2552,2133,975,819,21,172,8639,2054,5387,5383,21,172
KENTUCKY,2015,2289,8130,6233,3306,1744,1784,14262,4416,511,128,2674,5644,8489,3226,816,212,466,1127,5473,735,1071,34,1452,2606,2089,2552,2145,941,823,20,167,8565,2089,5387,5473,20,167
KENTUCKY,2016,2221,8504,6900,3467,1930,1902,15130,4730,539,139,2943,6080,9004,3308,814,195,480,1163,5995,806,1058,49,1478,2627,2369,2666,2219,1000,945,19,150,8950,2369,5539,5995,19,150
KENTUCKY,2017,2125,8644,7194,3518,2062,1997,15369,5002,543,162,3460,6357,8800,3247,812,162,499,1188,6213,821,1102,54,1516,2561,2573,2695,2139,1055,988,17,123,9025,2573,5592,6213,17,123
KENTUCKY,2018,1956,8240,7393,3657,2185,1912,15165,5305,644,154,3523,6425,8603,3170,799,113,493,1220,6280,760,1061,68,1548,2369,2763,2678,2048,1057,986,17,84,8973,2763,5314,6280,17,84
KENTUCKY,2019,1745,7768,7592,3711,2266,1917,14527,5648,547,154,3392,6412,8491,3158,792,136,489,1274,6028,705,1029,75,1567,2225,2893,2664,1913,1067,1026,17,110,8933,2893,5101,6028,17,110
LOUISIANA,2004,5240,12779,10931,6154,1835,,,,1102,864,7415,10174,8829,4262,4049,244,1526,1209,11320,1155,1547,289,3233,4227,2481,2775,5187,1371,459,,150,14389,2481,8590,11320,,150
LOUISIANA,2005,5389,12279,10364,6205,1846,,,,1088,838,7447,9628,8679,4057,3975,371,1482,1206,10710,1142,1488,335,3141,4195,2558,2737,4963,1383,464,,273,13993,2558,8542,10710,,273
LOUISIANA,2006,4383,12784,10699,6936,2210,,,,1299,913,7659,9881,8833,4121,3983,324,1526,1252,11167,1168,1521,354,3146,4236,2662,2799,5039,1455,466,,213,14228,2662,8736,11167,,213
LOUISIANA,2007,5001,12753,10265,7135,2386,,,,705,735,7240,10239,9684,4363,4310,264,1650,1253,11100,1143,1378,331,3387,4145,2969,3069,5063,1343,479,,223,14900,2969,8340,11100,,223
LOUISIANA,2008,5032,13124,10286,7398,2541,,,,256,428,6194,10693,11120,4851,4797,42,1808,1306,11147,1049,1267,291,3741,4073,3225,3370,5340,1211,503,,45,16069,3225,7892,11147,,45
LOUISIANA,2009,5318,13540,10327,7685,2910,,,,596,576,7147,10984,11126,4699,4535,117,1792,1461,11729,1087,1370,341,3545,4351,3450,3335,5312,1316,502,,187,15948,3450,8464,11729,,187
LOUISIANA,2010,5097,13121,9919,7909,3399,,,,749,519,6697,10825,11015,4755,4547,337,1781,1595,11139,984,1414,362,3543,4248,3558,3382,5329,1319,512,,272,16142,3558,8327,11139,,272
LOUISIANA,2011,5163,12930,9850,7997,3770,,,,722,489,6196,10798,11558,4950,4653,344,1809,1560,10962,941,1477,367,3668,4349,3761,3458,5220,1302,532,,295,16246,3761,8437,10962,,295
LOUISIANA,2012,5451,13102,10135,7765,3719,,,,573,500,5920,10826,12303,5142,4774,134,1863,1635,10776,854,1430,383,3758,4412,4121,3562,5241,1319,563,,253,16622,4121,8398,10776,,253
LOUISIANA,2013,5461,12983,9827,7346,3681,,,,843,629,6459,10558,11430,4652,4305,423,1648,1645,10797,851,1564,414,3407,4669,4127,3232,4807,1402,555,,177,15294,4127,8900,10797,,177
LOUISIANA,2014,4302,12579,9890,7239,4020,,,,937,768,6372,10206,10952,4385,4044,365,1553,1606,10521,836,1521,395,3206,4565,4120,3064,4554,1384,540,,161,14523,4120,8701,10521,,161
LOUISIANA,2015,4297,11504,9705,6700,4172,2778,8282,18229,252,126,3409,9041,13001,5519,4988,40,1866,1458,8562,590,959,348,4044,3673,4569,3482,5104,850,622,18,232,16576,4569,6420,8562,18,232
LOUISIANA,2016,3932,11238,9673,6472,4367,2788,7986,17749,264,140,3451,8674,12609,5532,4962,49,1877,1466,8073,544,905,369,4037,3597,4633,3487,4950,855,644,24,221,16461,4633,6270,8073,24,221
LOUISIANA,2017,3479,10421,9331,6143,4364,2731,7546,16573,274,146,3272,8009,11594,5467,4924,53,1893,1473,6944,476,797,360,4036,3154,4625,3497,4805,798,654,21,206,16358,4625,5585,6944,21,206
LOUISIANA,2018,3079,10006,8966,5890,4457,2669,7232,15877,247,133,2859,7507,11243,5511,4850,48,1990,1510,5890,380,618,319,4061,2979,4786,3510,4752,726,675,18,185,16497,4786,5021,5890,18,185
LOUISIANA,2019,2870,9652,8875,5582,4629,2603,7071,15145,217,130,2856,7163,10796,5581,4821,46,2060,1563,5317,354,545,283,4082,2831,4793,3595,4628,669,692,11,183,16622,4793,4683,5317,11,183
MAINE,2004,,,,,,,,,,,,,,,,,,,,,,,,,,,,,,,,,,,,,
MAINE,2005,,,,,,,,,,,,,,,,,,,,,,,,,,,,,,,,,,,,,
MAINE,2006,,,,,,,,,,,,,,,,,,,,,,,,,,,,,,,,,,,,,
MAINE,2007,,,,,,,,,,,,,,,,,,,,,,,,,,,,,,,,,,,,,
MAINE,2008,,,,,,,,,,,,,,,,,,,,,,,,,,,,,,,,,,,,,
MAINE,2009,,,,,,,,,,,,,,,,,,,,,,,,,,,,,,,,,,,,,
MAINE,2010,,,,,,,,,,,,,,,,,,,,,,,,,,,,,,,,,,,,,
MAINE,2011,,,,,,,,,,,,,,,,,,,,,,,,,,,,,,,,,,,,,
MAINE,2012,251,810,502,364,181,118,1038,627,186,332,678,401,246,187,37,41,72,271,276,25,136,,208,324,140,305,243,48,32,24,,1132,140,533,276,24,
MAINE,2013,253,830,533,377,180,134,1128,622,215,270,735,433,257,186,36,42,73,345,260,44,118,,204,335,122,307,249,49,34,28,,1211,122,545,260,28,
MAINE,2014,241,855,548,388,210,148,1280,574,190,329,771,442,249,190,37,35,65,401,294,50,128,,207,343,106,297,238,54,24,26,,1232,106,574,294,26,
MAINE,2015,222,876,559,377,244,130,1271,571,215,318,784,434,243,197,41,48,65,402,329,45,150,,217,287,120,313,231,45,32,28,15,1260,120,527,329,28,15
MAINE,2016,202,937,642,386,237,127,1246,620,215,348,886,433,235,198,40,49,59,382,421,56,184,,221,283,131,321,222,53,30,24,16,1235,131,576,421,24,16
MAINE,2017,200,935,635,379,254,116,1124,602,228,366,898,391,238,194,39,50,65,346,492,32,165,,218,227,190,321,209,58,30,32,18,1189,190,482,492,32,18
MAINE,2018,174,880,690,387,293,110,1160,580,224,352,936,378,248,197,41,49,63,342,537,41,204,,222,207,199,315,172,45,26,32,19,1140,199,498,537,32,19
MAINE,2019,147,719,683,357,279,91,992,537,213,307,799,335,239,197,43,53,62,322,474,35,193,,223,160,148,295,151,35,34,31,23,1087,148,423,474,31,23
MARYLAND,2004,3973,7686,7364,3318,945,,,,737,630,3523,5561,6694,3831,2252,56,244,3302,6410,120,1065,399,3768,1266,1014,1824,3259,104,431,29,51,12828,1014,2953,6410,29,51
MARYLAND,2005,3752,7414,7186,3392,993,,,,444,523,3379,5434,6658,3938,2353,,233,3234,5816,112,953,360,3974,1287,1041,1953,3185,104,438,26,20,13019,1041,2816,5816,26,20
MARYLAND,2006,3756,7392,7079,3633,1084,,,,481,525,3385,5494,6673,3981,2398,,236,3147,5880,106,927,305,4198,1275,1041,1993,3224,105,411,30,67,13210,1041,2719,5880,30,67
MARYLAND,2007,3940,7572,6813,3886,1222,,,,547,545,3514,5674,6729,4047,2373,,239,3086,6054,104,949,258,4327,1348,1129,2012,3283,101,418,25,100,13364,1129,2760,6054,25,100
MARYLAND,2008,3890,7669,6449,4002,1314,,,,492,487,3487,5571,6711,4144,2426,,245,3040,5728,102,942,208,4512,1399,1138,2054,3302,97,413,33,111,13567,1138,2747,5728,33,111
MARYLAND,2009,3821,7357,5790,3923,1363,,,,462,474,3287,5089,6386,4087,2387,84,302,3455,3986,69,985,203,4596,1267,1187,2165,3367,93,417,14,150,14301,1187,2616,3986,14,150
MARYLAND,2010,3858,7636,5634,4031,1487,,,,437,487,3269,5158,6377,4044,2412,462,280,3490,3815,75,924,177,4671,1344,1197,2237,3375,94,423,13,529,14476,1197,2615,3815,13,529
MARYLAND,2011,3829,7548,5492,4089,1600,,,,385,482,3053,5170,6454,4097,2443,473,285,3566,3513,88,862,148,4737,1383,1166,2248,3454,92,438,15,564,14727,1166,2573,3513,15,564
MARYLAND,2012,3499,7361,5005,3970,1687,,,,313,356,2601,4884,6201,4045,2958,164,263,3365,2894,67,806,128,4705,1426,1109,2180,3277,88,417,12,787,14206,1109,2515,2894,12,787
MARYLAND,2013,3305,7373,4895,3936,1826,,,,440,329,2530,4887,6367,4159,2440,183,196,2916,3558,81,807,128,4676,1656,1064,2157,3265,98,411,25,299,13620,1064,2770,3558,25,299
MARYLAND,2014,2954,7322,4966,3834,1935,,,,265,312,2474,4824,6462,4254,2415,,180,2825,3617,96,746,105,4684,1696,854,2153,3388,101,412,41,111,13642,854,2746,3617,41,111
MARYLAND,2015,2709,7419,4939,3775,1923,,,,344,308,2308,4725,6430,4273,2340,36,171,2838,3393,85,763,102,4661,1673,949,2194,3308,97,385,30,115,13557,949,2721,3393,30,115
MARYLAND,2016,2351,7220,4779,3600,2044,,,,299,302,2157,4502,6192,4234,2304,,176,2775,2906,65,694,101,4630,1604,1098,2188,3158,103,387,17,93,13314,1098,2567,2906,17,93
MARYLAND,2017,2121,6930,4792,3427,2098,,,,220,327,2020,4245,5933,4284,2332,,180,2654,2652,79,618,92,4655,1493,1167,2162,2974,94,408,29,109,13034,1167,2377,2652,29,109
MARYLAND,2018,2056,6703,4722,3162,2213,,,,259,220,1965,4083,5696,4278,2349,,180,2605,2365,65,470,99,4623,1420,1365,2180,2866,86,417,24,91,12871,1365,2140,2365,24,91
MARYLAND,2019,1967,6546,4711,3051,2320,,,,197,229,1787,4101,5560,4306,2408,,184,2596,2201,56,406,111,4652,1276,1417,2247,2838,79,418,20,93,12935,1417,1929,2201,20,93
MASSACHUSETTS,2004,,,,,,,,,,,,,,,,,,,,,,,,,,,,,,,,,,,,,
MASSACHUSETTS,2005,,,,,,,,,,,,,,,,,,,,,,,,,,,,,,,,,,,,,
MASSACHUSETTS,2006,,,,,,,,,,,,,,,,,,,,,,,,,,,,,,,,,,,,,
MASSACHUSETTS,2007,,,,,,,,,,,,,,,,,,,,,,,,,,,,,,,,,,,,,
MASSACHUSETTS,2008,,,,,,,,,,,,,,,,,,,,,,,,,,,,,,,,,,,,,
MASSACHUSETTS,2009,1155,3645,3141,2260,1114,717,1888,5093,248,74,2537,3427,2587,471,1959,12,20,762,2822,59,156,97,2610,563,856,1378,1609,110,209,65,,6588,856,985,2822,65,
MASSACHUSETTS,2010,1176,3599,3086,2299,1152,838,2286,6336,247,83,2519,3376,2599,480,1995,15,33,834,2593,72,172,90,2666,557,901,1389,1565,124,229,87,,6716,901,1016,2593,87,
MASSACHUSETTS,2011,1162,3805,3098,2321,1237,1049,2537,7170,225,70,2530,3562,2672,483,2068,14,33,898,2534,59,205,86,2781,600,969,1386,1618,132,242,77,,6958,969,1083,2534,77,
MASSACHUSETTS,2012,1064,3646,2971,2292,1336,1099,2496,7003,231,73,2377,3343,2648,495,2126,15,38,926,2056,60,195,86,2859,646,999,1390,1615,131,237,71,,7065,999,1116,2056,71,
MASSACHUSETTS,2013,971,3438,2901,2225,1415,1098,2443,6719,262,85,2192,3169,2562,496,2170,15,39,932,1752,53,189,84,2889,621,1009,1358,1582,132,241,70,,7041,1009,1077,1752,70,
MASSACHUSETTS,2014,898,3333,2825,2181,1476,1012,2500,6554,249,79,2197,3023,2487,492,2172,14,32,945,1596,41,208,74,2923,582,951,1373,1542,130,245,70,,7060,951,1035,1596,70,
MASSACHUSETTS,2015,733,3048,2609,2029,1503,911,2333,6032,173,65,2032,2733,2306,474,2126,12,31,846,1478,36,165,61,2842,509,831,1300,1398,118,253,51,,6671,831,889,1478,51,
MASSACHUSETTS,2016,638,2842,2456,1979,1488,835,2245,5680,150,60,1894,2550,2151,466,2114,18,31,787,1436,38,147,55,2800,465,711,1224,1243,126,274,56,10,6359,711,831,1436,56,10
MASSACHUSETTS,2017,536,2769,2402,1934,1493,845,2162,5456,108,80,1916,2443,2027,453,2084,23,24,817,1443,45,129,60,2730,438,639,1216,1116,137,271,51,17,6175,639,809,1443,51,17
MASSACHUSETTS,2018,453,2587,2317,1767,1568,778,2100,5060,107,98,1878,2261,1871,434,2027,17,22,788,1390,36,116,56,2651,389,619,1197,972,131,268,44,13,5899,619,728,1390,44,13
MASSACHUSETTS,2019,402,2423,2200,1644,1536,755,2027,4702,29,65,1747,2176,1756,425,1986,21,25,750,1302,33,67,50,2594,337,607,1174,862,116,234,37,18,5638,607,604,1302,37,18
MICHIGAN,2004,7888,15721,14318,7932,3023,2986,21291,23945,43,,2343,4854,21774,15368,4327,167,496,4783,5078,1663,828,477,6344,5234,5731,9860,6326,1139,710,48,167,28519,5731,9340,5078,48,167
MICHIGAN,2005,7616,15712,14476,8448,3294,2992,21803,24047,45,,2372,4856,21795,15896,4415,164,469,4777,5075,1688,814,508,6493,5258,5970,10065,6382,1091,743,49,164,28929,5970,9358,5075,49,164
MICHIGAN,2006,7581,16195,15049,9069,3683,3076,22687,24832,45,,2520,5075,22759,16497,4497,182,497,4797,5172,1783,861,568,6667,5558,6458,10542,6551,1110,784,50,182,29837,6458,9879,5172,50,182
MICHIGAN,2007,7409,15496,14272,9120,3936,3017,21954,24122,43,,2501,4756,21711,16487,4545,189,486,4642,4648,1583,733,537,6759,5245,6528,10644,6380,1032,794,35,188,29705,6528,9130,4648,35,188
MICHIGAN,2008,6932,14869,13498,9240,4199,2960,21412,23055,47,,2341,4289,20767,16559,4595,139,478,4426,4433,1414,691,463,6794,4993,6429,10334,6350,974,788,33,138,29170,6429,8535,4433,33,138
MICHIGAN,2009,6708,13708,12206,8798,4058,2792,19841,21467,50,,2078,3966,18832,15861,4582,107,372,4240,4045,1222,641,439,6544,4866,6082,9024,6176,894,797,30,106,27153,6082,8062,4045,30,106
MICHIGAN,2010,6765,13336,11578,8440,4047,2639,19331,20768,51,,2156,4011,17836,15422,4602,86,375,4072,4010,1195,660,428,6571,4932,6229,7927,6002,876,773,32,85,25719,6229,8090,4010,32,85
MICHIGAN,2011,6719,12723,10985,8260,4254,2601,18893,20004,53,,2241,4037,17043,14834,4647,82,360,3978,3718,1111,683,360,6580,4651,6325,7578,5835,884,768,29,81,25099,6325,7689,3718,29,81
MICHIGAN,2012,6697,12792,11068,8517,4562,2773,19255,20179,62,,2650,4660,17179,14387,4641,52,332,4044,3878,1263,840,365,6534,4701,6788,7248,5740,1074,778,28,25,24675,6788,8243,3878,28,25
MICHIGAN,2013,7021,12629,10890,8339,4880,2722,18861,20338,123,68,2579,4514,16142,14145,4685,1504,330,4010,3815,1368,847,358,6540,4727,6759,7151,5856,1101,773,31,93,24660,6759,8401,3815,31,93
MICHIGAN,2014,6653,12504,10683,8379,5171,2682,18392,20197,110,81,2460,4466,15533,14014,4743,1983,334,4101,3863,1383,854,348,6568,4530,6595,7020,5823,1040,823,37,71,24669,6595,8156,3863,37,71
MICHIGAN,2015,6158,12374,10474,8202,5421,2677,17844,19795,89,72,2191,4315,15064,13899,4772,2226,346,4104,3898,1344,847,333,6629,4272,6253,6809,5866,968,840,33,87,24593,6253,7764,3898,33,87
MICHIGAN,2016,5404,12144,10108,7927,5539,2583,17186,19032,49,51,2030,4000,14333,13587,4816,2257,377,4024,3812,1329,758,287,6629,3886,5776,6653,5690,912,855,36,97,24230,5776,7172,3812,36,97
MICHIGAN,2017,4692,11742,9824,7706,5701,2564,16450,18330,35,34,1781,3628,13827,13392,4809,2159,382,3923,3674,1230,695,244,6636,3543,5395,6691,5433,846,852,33,89,23917,5395,6559,3674,33,89
MICHIGAN,2018,4101,11663,9665,7462,5870,2467,16115,17803,27,21,1595,3297,13554,13317,4764,2186,365,3983,3703,1136,623,254,6661,3304,5089,6643,5191,827,858,25,98,23702,5089,6144,3703,25,98
MICHIGAN,2019,,,,,,,,,,,,,,,,,,,,,,,,,,,,,,,,,,,,,
MINNESOTA,2004,1870,3085,2439,1063,301,527,4282,3265,,1231,3040,2316,1264,515,376,11,92,823,2179,166,138,154,1182,644,1037,1451,546,109,226,,,4320,1037,1211,2179,,
MINNESOTA,2005,1769,3281,2622,1258,351,590,4512,3410,,1426,3385,2222,1288,548,396,11,88,846,2216,182,144,158,1240,657,1257,1587,543,111,238,11,,4541,1257,1254,2216,11,
MINNESOTA,2006,1522,3328,2557,1309,391,716,4270,3070,,1596,3253,1987,1295,552,408,11,80,819,1952,170,121,136,1250,651,1418,1631,519,114,235,10,,4534,1418,1192,1952,10,
MINNESOTA,2007,1581,3370,2640,1436,440,830,5163,3034,,1683,3279,2091,1392,573,432,12,87,832,1944,179,123,127,1317,654,1566,1688,575,118,245,12,,4744,1566,1201,1944,12,
MINNESOTA,2008,1663,3513,2664,1562,509,898,5309,3194,13,1456,3478,2349,1506,627,470,12,87,912,1989,176,121,129,1427,627,1712,1751,607,110,248,13,,5032,1712,1163,1989,13,
MINNESOTA,2009,1694,3635,2513,1598,546,911,5377,3149,11,1681,3421,2332,1451,603,475,11,94,1049,1928,189,122,131,1387,614,1793,1683,608,128,244,13,,5066,1793,1185,1928,13,
MINNESOTA,2010,1626,3621,2451,1554,544,1026,5348,2853,,1535,3471,2252,1418,613,488,11,86,1036,1772,150,116,106,1382,670,1816,1679,639,114,215,14,,5037,1816,1156,1772,14,
MINNESOTA,2011,1604,3508,2501,1578,609,1114,5332,2824,,1650,3342,2176,1490,611,514,13,61,1104,1647,136,122,122,1378,658,1913,1709,606,113,215,14,,5073,1913,1152,1647,14,
MINNESOTA,2012,1611,3622,2454,1607,645,1204,5368,2821,,1654,3382,2197,1540,627,515,14,45,1205,1673,160,122,105,1384,712,1921,1669,586,114,223,18,,5111,1921,1214,1673,18,
MINNESOTA,2013,1534,3835,2511,1729,680,1226,5586,2892,,1724,3374,2348,1647,645,530,16,20,1689,1824,140,177,,1412,714,1818,1732,566,71,96,26,,5513,1818,1107,1824,26,
MINNESOTA,2014,1472,4021,2674,1707,764,1283,5714,3086,,1899,3261,2505,1738,661,549,17,,1725,2001,142,175,,1419,722,1921,1760,564,82,91,25,,5564,1921,1125,2001,25,
MINNESOTA,2015,1374,4058,2766,1760,839,1558,5731,3175,,1438,3101,2907,2068,700,559,19,,1700,2051,137,210,,1440,744,1944,1796,546,98,90,29,,5582,1944,1192,2051,29,
MINNESOTA,2016,1269,3941,2858,1678,845,1489,5480,3190,,1485,2832,2927,2052,710,556,22,31,1569,2068,171,221,,1425,697,1848,1776,554,109,88,31,,5442,1848,1202,2068,31,
MINNESOTA,2017,1234,3908,2993,1638,935,1209,5647,3128,,1668,2875,2783,2081,722,559,15,52,1596,2012,157,244,,1438,674,1963,1778,577,92,89,30,,5531,1963,1170,2012,30,
MINNESOTA,2018,1044,3636,2892,1606,923,1113,5407,2852,,1287,2702,2779,2024,731,558,13,58,1471,1831,146,217,,1439,583,1904,1696,547,91,92,21,,5303,1904,1041,1831,21,
MINNESOTA,2019,958,3474,3010,1548,992,1147,5401,2706,,1258,2615,2788,2011,731,559,16,61,1384,1866,156,216,,1447,515,1934,1724,484,95,81,16,,5180,1934,985,1866,16,
MISSISSIPPI,2004,4355,7551,5518,2765,795,404,1365,2170,689,155,3559,6536,6079,1611,2035,320,883,1338,6397,905,699,130,1598,2919,1021,1752,2702,304,188,129,18,8461,1021,4957,6397,129,18
MISSISSIPPI,2005,3851,7588,5307,2917,852,464,1537,2443,601,125,3110,6471,6342,1604,2016,247,881,1343,6500,837,648,122,1578,2647,877,1789,2657,278,197,147,14,8444,877,4532,6500,147,14
MISSISSIPPI,2006,3748,7904,5418,3065,933,507,1769,2778,589,105,3399,6496,6648,1622,1957,252,883,1375,6951,802,627,124,1525,2696,898,1854,2675,295,197,152,16,8509,898,4543,6951,152,16
MISSISSIPPI,2007,3710,8503,5642,3488,1088,632,2229,3450,554,115,3487,6753,7316,1783,2054,369,926,1432,7694,791,623,133,1609,2717,917,2063,2789,337,218,169,13,9037,917,4601,7694,169,13
MISSISSIPPI,2008,3846,8456,5645,3604,1203,766,2802,4149,555,121,3378,6750,7608,1852,2030,459,972,1483,7633,793,672,119,1584,2727,907,2195,2902,348,227,182,,9363,907,4659,7633,182,
MISSISSIPPI,2009,3665,8026,5249,3344,1197,958,3578,5086,508,90,3043,6268,7312,1904,2021,335,1006,1528,6233,686,656,121,1565,2678,933,2316,2933,370,242,207,,9589,933,4511,6233,207,
MISSISSIPPI,2010,3505,7771,5110,3364,1318,1314,4892,6687,474,56,2819,5882,7424,1965,2039,408,1010,1443,5874,591,643,137,1575,2687,967,2390,2934,329,246,238,,9598,967,4387,5874,238,
MISSISSIPPI,2011,3502,7855,5155,3441,1434,2257,7839,9959,472,77,2823,5849,7665,2050,2054,396,996,1438,5814,652,711,133,1587,2783,1035,2451,2918,371,251,244,,9640,1035,4650,5814,244,
MISSISSIPPI,2012,3624,8086,5445,3594,1570,2516,8336,10302,488,90,2919,6148,7880,2142,2076,575,964,1465,5867,687,880,170,1609,3056,1128,2532,3001,419,267,271,,9838,1128,5211,5867,271,
MISSISSIPPI,2013,3323,7865,5492,3577,1712,2545,8326,10177,408,78,2725,5988,7805,2237,2114,613,958,1448,5565,666,875,153,1656,3051,1123,2552,3002,397,284,237,,9900,1123,5142,5565,237,
MISSISSIPPI,2014,2603,6502,4903,3091,1694,2227,7209,8598,229,60,1961,4603,7011,2243,2134,551,907,1411,4340,482,628,104,1723,1999,857,2568,2976,306,296,193,,9881,857,3519,4340,193,
MISSISSIPPI,2015,2419,6447,5174,3082,1789,2256,7266,8575,16,248,1721,4663,7258,2402,2194,408,884,1427,4284,435,534,102,1825,2125,866,2616,3006,296,312,200,,10069,866,3491,4284,200,
MISSISSIPPI,2016,2356,6520,5261,3141,1914,2290,7510,8463,14,236,1940,4722,7276,2481,2234,289,885,1462,3895,431,558,132,1917,2455,965,2653,3000,290,336,212,,10254,965,3866,3895,212,
MISSISSIPPI,2017,2235,6335,5416,3142,1975,2266,7641,8123,168,89,1858,4558,7353,2548,2187,342,835,1449,3768,382,594,156,1949,2482,1065,2590,2939,275,374,243,,10136,1065,3890,3768,243,
MISSISSIPPI,2018,2085,6385,5575,3134,2096,2254,7558,8219,200,44,1842,4596,7484,2662,2167,281,807,1518,3716,323,544,168,2013,2609,1178,2577,2920,273,370,259,,10204,1178,3918,3716,259,
MISSISSIPPI,2019,1858,6414,5641,3255,2249,2188,7609,8198,152,33,1835,4556,7604,2788,2192,258,811,1595,3590,339,486,183,2120,2603,1236,2587,2921,312,379,255,,10413,1236,3922,3590,255,
MISSOURI,2004,5414,10315,9262,4738,1352,1294,9973,12268,26,,5369,11895,9059,2074,2581,77,245,2924,6440,1354,1605,184,3197,2778,2597,4008,3714,1516,421,,98,14509,2597,7438,6440,,98
MISSOURI,2005,5184,10208,8942,5053,1436,1192,9647,11534,31,,5165,11804,9097,2087,2541,97,244,3056,6549,1298,1526,195,3153,2747,2470,4055,3679,1426,424,,,14610,2470,7192,6549,,
MISSOURI,2006,4669,10048,8580,5340,1530,1104,9182,10823,25,,4941,11396,9079,2072,2558,95,231,3138,6068,1255,1478,198,3180,2655,2461,4077,3620,1355,448,,,14695,2461,6940,6068,,
MISSOURI,2007,4446,9990,8197,5610,1614,1042,8977,10278,17,,4809,11312,8989,2084,2545,93,227,3139,5791,1219,1386,206,3154,2650,2596,4113,3562,1381,430,,,14626,2596,6842,5791,,
MISSOURI,2008,4603,10057,8022,5780,1724,1002,8714,9902,14,,4679,11272,9397,2155,2600,65,243,3328,5657,1107,1392,255,3242,2673,2675,4222,3669,1299,423,,,15127,2675,6725,5657,,
MISSOURI,2009,4649,10225,7802,5941,1947,948,8554,9402,11,,4594,11254,9707,2257,2660,76,245,3424,5543,1048,1297,233,3354,2749,2754,4416,3821,1253,421,,,15682,2754,6580,5543,,
MISSOURI,2010,4504,10326,7682,5990,2121,929,8352,8943,11,,4360,11339,9831,2304,2690,86,255,3504,5442,974,1268,226,3366,2806,2801,4584,3755,1225,417,,,15880,2801,6498,5442,,
MISSOURI,2011,4395,10394,7619,5957,2469,879,7964,8427,,,4179,11303,10159,2356,2743,81,255,3511,5368,941,1285,215,3443,2881,2915,4589,3764,1210,453,,,16016,2915,6532,5368,,
MISSOURI,2012,4397,10479,7759,5913,2700,825,7686,7996,,,4039,11490,10366,2366,2768,212,236,3637,5418,932,1329,216,3464,3024,2980,4533,3772,1255,446,,,16089,2980,6756,5418,,
MISSOURI,2013,4331,10581,7925,5796,2904,789,7474,7524,,,3926,11425,10716,2398,2768,300,241,3596,5589,908,1516,200,3440,3133,2890,4531,3735,1268,469,,21,16011,2890,7026,5589,,21
MISSOURI,2014,4061,10787,8147,5738,3209,822,7238,7316,,,3911,11328,11162,2440,2798,297,248,3565,5848,943,1543,215,3456,3014,3005,4520,3697,1378,483,,28,15969,3005,7092,5848,,28
MISSOURI,2015,3718,10915,8492,5740,3465,780,7310,7002,,,3621,11398,11649,2571,2742,346,255,3703,6039,898,1578,248,3463,3037,3014,4520,3582,1425,530,,37,16053,3014,7187,6039,,37
MISSOURI,2016,3466,11028,8641,5650,3675,781,7167,6733,,,3525,11475,11710,2627,2756,368,253,3799,6307,867,1303,236,3464,2992,2987,4511,3493,1632,531,,85,16051,2987,7030,6307,,85
MISSOURI,2017,3201,11046,8836,5619,3899,753,6970,6335,,,3627,11601,11635,2608,2762,360,254,3822,6555,895,1068,184,3481,2897,3113,4513,3403,1816,509,,92,15981,3113,6860,6555,,92
MISSOURI,2018,2668,10051,8431,5312,3907,690,6260,5650,,,3291,10343,11121,2550,2778,281,250,3612,5924,783,939,168,3509,2414,2877,4482,3140,1649,485,,137,15479,2877,5953,5924,,137
MISSOURI,2019,2157,8456,7200,4471,3760,583,5159,4639,,,2453,8083,10030,2491,2750,233,233,3375,4350,562,790,146,3508,1937,2105,4413,2851,1123,463,,189,14843,2105,4557,4350,,189
MONTANA,2004,,,,,,,,,,,,,,,,,,,,,,,,,,,,,,,,,,,,,
MONTANA,2005,,,,,,,,,,,,,,,,,,,,,,,,,,,,,,,,,,,,,
MONTANA,2006,,,,,,,,,,,,,,,,,,,,,,,,,,,,,,,,,,,,,
MONTANA,2007,,,,,,,,,,,,,,,,,,,,,,,,,,,,,,,,,,,,,
MONTANA,2008,,,,,,,,,,,,,,,,,,,,,,,,,,,,,,,,,,,,,
MONTANA,2009,,,,,,,,,,,,,,,,,,,,,,,,,,,,,,,,,,,,,
MONTANA,2010,485,1056,927,819,429,,391,,,,407,1022,1243,930,107,,31,522,320,192,237,,433,284,565,693,161,65,213,,,2053,565,778,320,,
MONTANA,2011,473,1126,849,756,475,,449,,,,409,984,1217,951,106,,37,515,337,179,247,,420,309,467,711,138,64,251,,,2072,467,799,337,,
MONTANA,2012,418,1062,844,775,511,,516,,,,392,939,1214,960,91,,38,525,299,147,231,,385,303,505,740,121,67,242,,,2052,505,748,299,,
MONTANA,2013,373,1145,836,760,528,,606,,,,429,967,1155,989,95,,40,512,324,152,237,,389,297,478,741,132,65,268,,,2082,478,752,324,,
MONTANA,2014,375,1114,899,751,560,,767,,,12,421,1034,1157,962,101,,33,533,366,152,234,,376,302,466,772,119,71,264,,,2097,466,759,366,,
MONTANA,2015,343,1117,858,759,608,,1072,,,,349,997,1193,1038,100,,33,524,391,104,192,,403,270,472,802,145,67,278,,,2184,472,633,391,,
MONTANA,2016,296,1139,966,793,620,10,1598,,,,358,956,1311,1074,108,,33,526,428,97,162,,405,282,530,831,158,69,290,,,2244,530,610,428,,
MONTANA,2017,252,1131,938,749,628,16,2528,,,,238,854,1438,1052,107,,26,511,403,102,170,,392,272,482,818,138,77,300,,,2185,482,621,403,,
MONTANA,2018,246,1128,1051,707,634,13,2511,,,,227,867,1449,1106,110,,32,576,421,100,163,,391,290,460,860,113,68,289,,,2261,460,621,421,,
MONTANA,2019,334,1437,1304,857,790,18,3088,,,,278,1178,1765,1352,145,,35,809,553,99,183,,486,330,553,1076,151,75,368,,,2926,553,687,553,,
NEBRASKA,2004,896,1356,1134,576,168,126,986,1556,85,68,937,1125,1089,582,244,,130,400,743,246,214,,332,353,363,560,344,194,187,21,44,1953,363,1007,743,21,44
NEBRASKA,2005,1003,1411,1186,662,193,162,1122,1652,123,84,972,1191,1174,648,264,,124,548,737,218,255,,371,380,377,614,392,196,179,22,44,2226,377,1049,737,22,44
NEBRASKA,2006,920,1421,1131,705,229,80,585,809,119,80,898,1128,1203,708,271,,135,353,790,227,231,,377,381,452,665,373,214,192,17,,2095,452,1053,790,17,
NEBRASKA,2007,913,1490,1113,746,243,49,345,518,104,80,913,1113,1254,760,280,,132,389,742,223,216,,392,362,515,718,373,218,203,22,,2207,515,1020,742,22,
NEBRASKA,2008,917,1491,1101,755,256,40,252,358,109,65,874,1111,1270,807,282,,125,410,683,176,217,,394,366,539,736,401,212,240,20,,2307,539,970,683,20,
NEBRASKA,2009,910,1503,1026,757,278,30,191,275,166,,830,1061,1286,847,281,,117,407,635,167,234,,397,373,540,754,396,206,241,,,2312,540,980,635,,
NEBRASKA,2010,949,1516,1027,787,307,28,159,229,164,,794,1060,1320,921,296,29,117,407,609,158,246,,426,385,573,791,390,212,240,,24,2372,573,1000,609,,24
NEBRASKA,2011,910,1500,1045,794,367,23,130,190,169,,795,1028,1303,954,291,74,104,446,607,152,234,,419,370,575,783,395,197,264,,64,2410,575,954,607,,64
NEBRASKA,2012,883,1541,1105,801,375,22,110,167,179,,708,1060,1326,1014,306,110,98,418,621,133,259,,435,331,671,808,406,199,224,,93,2389,671,923,621,,93
NEBRASKA,2013,896,1641,1207,842,439,18,94,147,156,,758,1154,1401,1078,309,168,100,420,676,141,262,,436,343,782,836,417,214,245,10,145,2453,782,959,676,10,145
NEBRASKA,2014,885,1861,1346,858,490,19,90,136,142,,839,1278,1473,1167,330,212,111,481,758,153,294,,459,352,808,859,436,241,296,19,176,2641,808,1039,758,19,176
NEBRASKA,2015,831,1857,1324,834,526,18,82,132,136,,722,1140,1521,1250,348,255,124,501,666,134,271,,481,341,787,896,428,234,313,20,176,2744,787,980,666,20,176
NEBRASKA,2016,757,1833,1324,838,550,17,73,125,100,,629,932,1473,1283,347,537,127,492,679,133,234,,478,304,805,891,414,230,319,14,182,2720,805,901,679,14,182
NEBRASKA,2017,712,1870,1373,808,549,15,72,116,75,,648,879,1470,1328,361,551,121,486,749,112,209,,484,283,805,940,405,183,314,21,200,2751,805,787,749,21,200
NEBRASKA,2018,709,1901,1463,835,583,15,68,115,88,,689,948,1510,1396,369,491,132,521,842,83,188,,495,293,872,996,408,180,312,17,151,2865,872,744,842,17,151
NEBRASKA,2019,716,1924,1553,830,659,15,61,109,98,,681,1057,1610,1476,375,385,137,572,922,97,194,,501,314,946,1035,424,200,308,14,19,2977,946,804,922,14,19
NEVADA,2004,,,,,,,,,,,,,,,,,,,,,,,,,,,,,,,,,,,,,
NEVADA,2005,,,,,,,,,,,,,,,,,,,,,,,,,,,,,,,,,,,,,
NEVADA,2006,,,,,,,,,,,,,,,,,,,,,,,,,,,,,,,,,,,,,
NEVADA,2007,,,,,,,,,,,,,,,,,,,,,,,,,,,,,,,,,,,,,
NEVADA,2008,2117,3952,3354,2318,1002,1948,6251,4446,,,2972,2607,3378,1398,2341,47,16,964,1285,416,605,539,620,1162,1923,1806,835,276,1949,301,47,6190,1923,2997,1285,301,47
NEVADA,2009,2241,3861,3095,2276,1009,1837,6253,4281,,,2836,2507,3356,1364,2290,129,16,967,1176,386,571,459,644,1082,2018,1793,828,275,1839,300,129,6087,2018,2773,1176,300,129
NEVADA,2010,2194,3945,3091,2332,1091,1823,6486,4237,,,2698,2568,3529,1371,2336,151,11,1053,1192,343,586,379,645,1151,2121,1830,869,263,1758,301,151,6166,2121,2722,1192,301,151
NEVADA,2011,2070,4004,3063,2429,1212,1778,6709,4077,,,2638,2544,3638,1368,2320,270,13,1081,1201,376,591,344,663,1175,2154,1809,869,257,1696,281,270,6130,2154,2743,1201,281,270
NEVADA,2012,1980,4014,3110,2486,1293,1795,6811,3993,,,2573,2523,3722,1349,2364,351,14,1065,1200,396,534,356,729,1220,2167,1854,866,231,1607,291,351,6136,2167,2737,1200,291,351
NEVADA,2013,1942,4130,3133,2522,1329,1976,6699,4063,,,2688,2576,3703,1330,2370,389,15,1090,1258,392,542,347,776,1240,2208,1806,855,248,1562,324,390,6105,2208,2770,1258,324,390
NEVADA,2014,1714,3977,3084,2430,1332,2060,5627,3907,,,2640,2445,3526,1245,2254,425,23,1038,1212,413,567,368,755,1202,2215,1682,784,242,1414,278,345,5694,2215,2791,1212,278,345
NEVADA,2015,1627,4250,3232,2512,1450,2009,5819,4123,,,2840,2717,3594,1245,2295,379,26,1075,1293,399,608,430,767,1317,2451,1683,796,261,1378,282,304,5725,2451,3015,1293,282,304
NEVADA,2016,1656,4428,3497,2528,1648,1825,7080,4479,,,2989,3021,3747,1272,2355,372,27,1171,1353,459,621,509,806,1386,2790,1679,793,247,1327,286,303,5802,2790,3222,1353,286,303
NEVADA,2017,1470,4523,3602,2436,1690,2130,7106,4181,,,2894,3055,3789,1328,2368,287,26,1256,1329,452,533,469,845,1278,3108,1634,799,208,1225,271,287,5785,3108,2941,1329,271,287
NEVADA,2018,1456,4468,3640,2337,1740,2366,6718,4317,,,2843,3067,3791,1348,2354,238,26,1258,1337,438,519,458,861,1157,3390,1598,760,228,1112,261,238,5616,3390,2800,1337,261,238
NEVADA,2019,1313,4232,3572,2046,1677,2263,6100,4272,,,2564,2708,3641,1365,2386,177,27,1224,1162,368,410,445,884,1009,3410,1577,672,190,1045,236,181,5429,3410,2421,1162,236,181
NEW HAMPSHIRE,2004,,,,,,,,,,,,,,,,,,,,,,,,,,,,,,,,,,,,,
NEW HAMPSHIRE,2005,,,,,,,,,,,,,,,,,,,,,,,,,,,,,,,,,,,,,
NEW HAMPSHIRE,2006,,,,,,,,,,,,,,,,,,,,,,,,,,,,,,,,,,,,,
NEW HAMPSHIRE,2007,,,,,,,,,,,,,,,,,,,,,,,,,,,,,,,,,,,,,
NEW HAMPSHIRE,2008,,,,,,,,,,,,,,,,,,,,,,,,,,,,,,,,,,,,,
NEW HAMPSHIRE,2009,,,,,,,,,,,,,,,,,,,,,,,,,,,,,,,,,,,,,
NEW HAMPSHIRE,2010,,,,,,,,,,,,,,,,,,,,,,,,,,,,,,,,,,,,,
NEW HAMPSHIRE,2011,325,838,596,545,310,,,,,,463,838,814,350,19,127,16,263,314,96,150,,258,193,234,660,144,113,72,,92,1414,234,552,314,,92
NEW HAMPSHIRE,2012,356,917,641,528,349,,,,,,559,900,820,348,29,133,17,261,354,101,178,,269,219,277,640,177,125,81,,86,1446,277,622,354,,86
NEW HAMPSHIRE,2013,342,1026,701,563,386,,,,,,645,973,858,371,32,135,19,313,384,115,207,,282,223,302,675,188,145,77,,83,1553,302,692,384,,83
NEW HAMPSHIRE,2014,326,1021,695,527,394,,,,,,647,956,824,345,28,159,17,295,403,98,213,,273,231,312,651,187,121,75,,85,1498,312,663,403,,85
NEW HAMPSHIRE,2015,289,990,675,522,422,,,,,,624,873,803,354,23,220,16,295,406,88,207,,271,213,308,624,189,123,64,,89,1458,308,631,406,,89
NEW HAMPSHIRE,2016,237,989,673,518,400,,,,,,567,833,798,343,23,252,16,278,413,76,198,,266,199,288,618,178,123,68,,93,1424,288,596,413,,93
NEW HAMPSHIRE,2017,,,,,,,,,,,,,,,,,,,,,,,,,,,,,,,,,,,,,
NEW HAMPSHIRE,2018,,,,,,,,,,,,,,,,,,,,,,,,,,,,,,,,,,,,,
NEW HAMPSHIRE,2019,,,,,,,,,,,,,,,,,,,,,,,,,,,,,,,,,,,,,
NEW JERSEY,2004,5118,9871,7538,3135,1095,,,,326,330,7894,9639,5027,1324,1821,396,508,2143,8817,410,752,30,2444,1520,2569,1663,3980,584,871,71,394,11609,2569,3297,8817,71,394
NEW JERSEY,2005,5089,10086,7620,3355,1210,,,,343,304,8414,9692,5012,1306,1824,463,562,2257,8755,422,795,29,2466,1595,2698,1619,4130,568,927,79,458,11961,2698,3409,8755,79,458
NEW JERSEY,2006,4892,10002,7664,3598,1215,,,,371,325,8573,9687,5077,1280,1867,191,616,2339,8561,404,846,32,2493,1626,2746,1663,4261,568,942,86,187,12314,2746,3475,8561,86,187
NEW JERSEY,2007,4714,9721,7438,3671,1283,,,,383,337,8425,9478,4975,1200,1866,163,660,2367,8147,418,796,22,2499,1557,2772,1602,4317,516,905,96,153,12349,2772,3309,8147,96,153
NEW JERSEY,2008,4397,9374,6990,3804,1387,,,,381,351,7769,9232,5019,1156,1879,167,673,2361,7433,362,786,17,2532,1467,2760,1622,4315,472,898,97,157,12401,2760,3104,7433,97,157
NEW JERSEY,2009,4225,9144,6696,3848,1469,,,,355,311,7314,9167,5060,1109,1884,181,711,2340,6758,354,740,21,2545,1422,2951,1603,4316,426,929,103,161,12445,2951,2964,6758,103,161
NEW JERSEY,2010,4051,9087,6410,3879,1579,,,,390,277,6741,9287,5114,1071,1882,244,733,2317,6113,360,726,22,2566,1346,3222,1632,4319,401,899,120,231,12466,3222,2855,6113,120,231
NEW JERSEY,2011,3745,8632,6012,3846,1599,,,,321,300,6107,9011,5036,1039,1885,135,731,2184,5483,328,697,18,2580,1287,3107,1681,4291,325,859,131,131,12326,3107,2655,5483,131,131
NEW JERSEY,2012,3568,8175,5923,3839,1721,,,,352,310,5778,8695,5047,1023,1915,105,765,2065,4903,281,689,15,2595,1304,3156,1832,4359,336,674,152,100,12289,3156,2625,4903,152,100
NEW JERSEY,2013,3331,7727,5808,3771,1815,,,,350,266,5520,8339,4931,964,1963,118,776,1989,4350,286,639,15,2603,1233,3198,1537,4258,336,923,197,111,12087,3198,2508,4350,197,111
NEW JERSEY,2014,3043,7527,5506,3678,1837,,,,302,235,4785,7747,4741,967,1907,906,792,1839,3979,234,601,,2565,1167,2665,1449,4029,289,833,256,886,11507,2665,2297,3979,256,886
NEW JERSEY,2015,2680,7118,5169,3610,1912,,,,307,243,4165,6878,4391,950,1846,1708,759,1657,3607,195,509,,2463,1021,2039,1388,3774,284,749,360,1679,10789,2039,2014,3607,360,1679
NEW JERSEY,2016,2421,6821,5062,3470,2012,,,,273,240,3884,6223,4194,935,1746,2290,772,1627,3241,172,443,,2356,951,1723,1297,3524,256,649,493,2279,10226,1723,1824,3241,493,2279
NEW JERSEY,2017,2333,6774,5039,3362,2077,,,,291,301,3650,5968,4036,912,1678,2750,788,1653,3060,159,412,,2264,878,1620,1318,3438,242,607,503,2640,10068,1620,1694,3060,503,2640
NEW JERSEY,2018,2187,6722,5020,3294,2139,,,,283,306,3466,5879,3881,905,1622,3021,798,1687,2874,145,372,,2252,817,1621,1313,3259,236,580,482,2922,9890,1621,1573,2874,482,2922
NEW JERSEY,2019,,,,,,,,,,,,,,,,,,,,,,,,,,,,,,,,,,,,,
NEW MEXICO,2004,,,,,,,,,,,,,,,,,,,,,,,,,,,,,,,,,,,,,
NEW MEXICO,2005,,,,,,,,,,,,,,,,,,,,,,,,,,,,,,,,,,,,,
NEW MEXICO,2006,,,,,,,,,,,,,,,,,,,,,,,,,,,,,,,,,,,,,
NEW MEXICO,2007,,,,,,,,,,,,,,,,,,,,,,,,,,,,,,,,,,,,,
NEW MEXICO,2008,,,,,,,,,,,,,,,,,,,,,,,,,,,,,,,,,,,,,
NEW MEXICO,2009,,,,,,,,,,,,,,,,,,,,,,,,,,,,,,,,,,,,,
NEW MEXICO,2010,840,2608,1722,1114,478,,,,124,338,1885,1612,1718,624,406,56,51,1034,863,304,98,175,843,728,474,757,574,74,740,,45,3999,474,1379,863,,45
NEW MEXICO,2011,789,2682,1820,1159,548,,,,133,327,1923,1676,1827,649,421,42,56,1054,847,293,100,163,867,777,477,813,620,81,815,,30,4225,477,1415,847,,30
NEW MEXICO,2012,686,2615,1752,1124,550,,,,158,344,1820,1543,1800,599,408,53,53,1045,840,261,112,148,841,748,430,756,570,81,795,,46,4060,430,1350,840,,46
NEW MEXICO,2013,665,2668,1833,1149,616,,,,196,388,1781,1616,1864,605,422,59,68,1074,832,293,144,155,876,777,438,791,573,101,755,,49,4137,438,1471,832,,49
NEW MEXICO,2014,638,2688,1877,1198,619,,,,157,338,1810,1730,1896,615,427,49,67,971,881,270,161,170,908,765,554,806,552,117,748,,46,4052,554,1483,881,,46
NEW MEXICO,2015,602,2654,2047,1125,676,,,,203,340,1847,1720,1906,613,426,49,69,1008,935,257,135,170,917,880,443,841,572,85,784,,,4192,443,1527,935,,
NEW MEXICO,2016,,,,,,,,,,,,,,,,,,,,,,,,,,,,,,,,,,,,,
NEW MEXICO,2017,556,2661,2161,1111,787,,,,117,303,1718,1834,2140,685,455,25,42,875,1184,239,215,212,937,674,805,888,483,125,590,,,3816,805,1464,1184,,
NEW MEXICO,2018,,,,,,,,,,,,,,,,,,,,,,,,,,,,,,,,,,,,,
NEW MEXICO,2019,,,,,,,,,,,,,,,,,,,,,,,,,,,,,,,,,,,,,
NEW YORK,2004,10047,21201,20306,9146,3050,1497,28767,20975,,25,14907,20047,12888,3813,12066,,548,5609,15706,778,1096,325,10349,6099,4409,5115,11434,1091,838,354,,33893,4409,9389,15706,354,
NEW YORK,2005,9540,20378,19862,9704,3259,1396,28597,19201,253,349,15683,18941,12228,3689,11600,,539,5694,14449,780,1131,329,10385,6124,4577,5252,11172,1133,837,341,,33879,4577,9497,14449,341,
NEW YORK,2006,9417,20433,19598,10449,3418,1389,29453,20640,333,697,17878,17766,11769,3563,11305,,552,5720,14192,883,1219,327,10386,6375,4933,5393,11053,1126,812,340,,33916,4933,9929,14192,340,
NEW YORK,2007,9215,20199,18593,11001,3613,1359,29437,21377,432,787,18826,16745,11383,3377,11066,,511,5606,13688,834,1215,325,10218,6584,5197,5461,10830,1038,764,343,,33389,5197,9997,13688,343,
NEW YORK,2008,8868,19217,17210,11291,3761,1374,28945,21319,385,786,18495,15626,10965,3199,10885,,472,5502,12265,826,1201,305,10083,6605,5430,5328,10234,1026,724,339,,32344,5430,9963,12265,339,
NEW YORK,2009,8730,18645,15918,11412,3982,1376,28611,21244,239,678,18211,15254,10613,2953,10729,,476,5554,10634,796,1282,280,9885,6706,5830,5295,9909,1045,700,286,10,31818,5830,10109,10634,286,10
NEW YORK,2010,8574,17839,14686,11440,4118,1373,27881,21052,193,585,17434,14714,10369,2782,10570,,486,5568,8943,709,1230,268,9734,6751,6158,5264,9596,945,721,275,,31368,6158,9902,8943,275,
NEW YORK,2011,8357,17326,13938,11435,4381,1353,27477,20771,166,533,17046,14417,10255,2612,10395,11,477,5552,7757,722,1318,272,9551,7086,6294,5175,9269,917,737,295,13,30761,6294,10315,7757,295,13
NEW YORK,2012,8026,16957,13411,11211,4604,1264,27475,19936,131,463,16380,14430,10227,2462,10105,13,475,5590,6999,719,1225,260,9312,7328,6287,5115,8921,921,709,331,17,30123,6287,10453,6999,331,17
NEW YORK,2013,7759,16845,13122,11047,4777,1218,27489,19850,121,433,16140,14424,10178,2355,9883,16,441,5561,6594,689,1214,222,9130,7341,6467,5185,8735,939,676,338,17,29728,6467,10405,6594,338,17
NEW YORK,2014,7162,16736,12732,10832,5056,1234,27188,19505,118,434,15666,14294,10141,2230,9621,13,439,5389,6568,702,1253,251,8874,7234,6480,5090,8383,847,640,356,13,28815,6480,10287,6568,356,13
NEW YORK,2015,6559,16770,12564,10487,5347,1184,27217,18970,126,370,15159,14270,10172,2188,9425,16,446,5319,6687,729,1244,271,8707,6932,6472,4968,8075,876,617,367,16,28132,6472,10053,6687,367,16
NEW YORK,2016,5877,16637,12590,9976,5636,1178,26883,18698,98,349,14893,13909,10097,2163,9168,38,395,5301,6714,718,1200,278,8552,6470,6648,4841,7741,848,602,367,40,27431,6648,9514,6714,367,40
NEW YORK,2017,5397,16277,12505,9459,5822,1193,26375,18177,99,350,14404,13631,10043,2119,8792,23,414,5391,6810,671,1120,262,8261,5929,6584,4794,7431,786,606,374,27,26898,6584,8768,6810,374,27
NEW YORK,2018,4687,15394,12248,8570,5737,1109,24787,17280,77,270,13058,13083,9795,2030,8306,18,385,5271,6484,520,908,254,7898,5069,6407,4721,7069,722,580,328,20,25924,6407,7472,6484,328,20
NEW YORK,2019,3972,14278,11782,7784,5684,1035,23049,16173,62,251,11632,12293,9431,1954,7859,17,378,5151,5980,426,778,221,7539,4336,6119,4630,6433,639,563,285,22,24693,6119,6400,5980,285,22
NORTH CAROLINA,2004,6320,12281,10368,4869,1596,2909,12882,19520,4541,3608,6058,6867,7449,3543,3356,12,457,2425,5120,1324,1385,136,4697,2664,6712,4187,4602,582,1125,18,,17494,6712,6091,5120,18,
NORTH CAROLINA,2005,5956,12613,10718,5361,1717,2959,13424,19881,4831,3781,6122,7051,7923,3304,3343,10,464,2531,5373,1369,1352,144,4788,2625,7159,4294,4475,601,1173,17,,17725,7159,6091,5373,17,
NORTH CAROLINA,2006,5984,12781,10906,5891,1897,2923,14181,20279,5032,3872,6484,7211,8398,3135,3320,,475,2604,5714,1481,1337,146,4862,2583,7479,4438,4463,605,1254,18,,18096,7479,6152,5714,18,
NORTH CAROLINA,2007,5838,12701,10973,6381,2076,2891,14492,20538,4785,3955,6652,7449,8733,3127,3263,,502,2651,5862,1326,1265,171,4932,2497,8005,4463,4479,547,1255,16,,18282,8005,5806,5862,16,
NORTH CAROLINA,2008,6164,13021,11044,6866,2387,2932,15029,21484,5062,4118,7033,7745,9175,3113,3231,,513,2714,6137,1382,1360,179,5009,2714,8534,4643,4442,523,1315,17,,18637,8534,6158,6137,17,
NORTH CAROLINA,2009,6482,12959,10852,7095,2472,2770,15075,21997,4787,3947,7229,8055,9528,3139,3174,,506,2738,6056,1340,1406,163,5067,2699,8795,4680,4574,515,1295,26,,18860,8795,6124,6056,26,
NORTH CAROLINA,2010,6619,13121,10826,7127,2690,2744,15050,22572,4687,3950,7230,8350,9787,3173,3206,,540,2737,6071,1367,1414,127,5238,2765,8826,4671,4757,504,1350,14,,19293,8826,6178,6071,14,
NORTH CAROLINA,2011,6258,12587,10447,7175,2972,2782,13997,22654,4200,3790,6947,8488,9640,3178,3196,,508,2620,5565,1342,1410,107,5285,2830,8747,4666,4558,492,1299,13,,18934,8747,6181,5565,13,
NORTH CAROLINA,2012,5422,11660,9995,6912,3147,2327,12448,22359,2051,3342,7166,8679,9493,3209,3196,,508,2343,4995,1215,1131,91,5303,2763,8246,4677,4271,381,1203,,,18305,8246,5580,4995,,
NORTH CAROLINA,2013,5039,11518,9839,7155,3372,1142,10780,24999,1540,3055,7660,8848,9318,3275,3220,,483,2346,4920,1132,1176,83,5353,2951,8279,4634,3992,359,1196,16,,18004,8279,5701,4920,16,
NORTH CAROLINA,2014,4663,11511,9983,7216,3722,1096,10925,25075,733,2972,8140,9218,9302,3422,3301,,482,2203,5005,1117,1142,84,5512,2952,8510,4780,3745,341,1205,10,,17928,8510,5637,5005,10,
NORTH CAROLINA,2015,4307,11270,9858,7237,3946,1076,10878,24663,422,2996,8242,9106,9050,3505,3287,,476,2210,5032,1205,1203,99,5483,2816,8356,4788,3443,331,1162,,,17563,8356,5654,5032,,
NORTH CAROLINA,2016,3895,10948,9632,7059,4163,1068,10866,23763,328,2951,7898,8809,8800,3626,3279,,462,2137,4988,1141,1116,107,5492,2606,8065,4757,3354,302,1151,15,,17354,8065,5272,4988,15,
NORTH CAROLINA,2017,3810,11174,9902,7062,4446,1059,11229,24105,295,3344,8457,8657,8606,3746,3284,,491,2165,5322,1252,1176,135,5567,2622,8189,4770,3204,325,1155,18,,17353,8189,5510,5322,18,
NORTH CAROLINA,2018,3210,10629,9619,6868,4572,1051,10926,22922,258,2947,8000,8245,8264,3879,3290,17,508,2025,5189,1078,1105,166,5585,2336,7797,4654,3033,285,1111,20,,16915,7797,4970,5189,20,
NORTH CAROLINA,2019,2928,10008,9561,6762,4820,1052,10671,22355,237,2859,7686,7874,8063,4029,3318,12,529,1982,4970,1010,1101,142,5656,2158,7489,4738,2857,258,1148,27,14,16911,7489,4668,4970,27,14
NORTH DAKOTA,2004,349,460,303,170,45,65,972,208,215,183,423,281,123,49,33,21,17,59,369,82,87,34,74,64,165,151,40,44,97,,37,438,165,310,369,,37
NORTH DAKOTA,2005,326,489,350,173,47,74,954,192,345,159,466,218,103,52,34,,17,80,424,67,68,20,75,67,121,164,35,33,110,,100,481,121,256,424,,100
NORTH DAKOTA,2006,299,489,340,177,59,44,490,84,153,191,564,250,117,53,35,,14,87,461,61,76,15,80,68,116,186,35,40,116,,,518,116,261,461,,
NORTH DAKOTA,2007,312,498,352,183,72,54,403,60,170,177,598,245,128,59,39,,13,102,421,70,85,16,90,89,147,189,26,42,121,,,540,147,301,421,,
NORTH DAKOTA,2008,340,510,325,207,70,90,521,93,162,190,620,241,132,63,45,,12,137,358,70,97,22,95,85,167,202,35,43,120,,,602,167,317,358,,
NORTH DAKOTA,2009,329,545,327,212,74,147,1063,222,118,171,669,267,144,69,49,,12,131,378,67,99,30,97,80,162,207,31,53,127,11,,605,162,330,378,11,
NORTH DAKOTA,2010,315,576,296,206,93,124,1090,242,146,163,605,279,166,79,49,,15,154,335,48,103,29,103,81,175,221,43,45,118,15,,655,175,307,335,15,
NORTH DAKOTA,2011,252,536,325,209,101,132,1018,245,94,150,586,271,185,83,54,,12,166,312,28,75,34,108,80,165,232,35,48,120,,,673,165,264,312,,
NORTH DAKOTA,2012,292,560,349,210,101,212,1016,247,115,161,614,262,197,104,60,,12,164,346,42,100,25,114,81,174,236,39,42,132,,,697,174,290,346,,
NORTH DAKOTA,2013,280,589,370,230,106,270,1032,229,106,199,588,248,252,118,64,,11,170,365,41,102,21,116,90,178,237,55,47,137,,,725,178,301,365,,
NORTH DAKOTA,2014,262,688,385,253,130,280,1138,258,109,196,547,276,338,150,70,32,14,138,434,41,107,15,120,105,239,258,56,39,126,10,17,711,239,306,434,10,17
NORTH DAKOTA,2015,271,702,437,254,132,363,1152,250,37,52,471,462,515,173,75,10,18,148,506,40,124,23,127,80,217,241,57,41,158,10,,749,217,308,506,10,
NORTH DAKOTA,2016,265,684,454,253,134,381,1169,218,103,269,654,304,281,101,69,,18,123,542,23,161,38,123,48,204,233,63,32,172,,,733,204,301,542,,
NORTH DAKOTA,2017,195,679,483,232,133,351,1111,235,34,230,577,379,318,105,72,,22,161,483,36,125,20,123,66,171,228,63,45,170,,,767,171,292,483,,
NORTH DAKOTA,2018,192,670,472,220,142,380,1025,267,34,204,602,369,296,102,77,,24,148,490,22,109,23,124,74,149,234,64,57,169,,,762,149,285,490,,
NORTH DAKOTA,2019,203,701,498,239,153,418,978,354,40,286,667,321,295,98,78,,20,186,495,28,142,22,124,61,159,238,53,53,207,,,827,159,305,495,,
OHIO,2004,,,,,,,,,,,,,,,,,,,,,,,,,,,,,,,,,,,,,
OHIO,2005,,,,,,,,,,,,,,,,,,,,,,,,,,,,,,,,,,,,,
OHIO,2006,,,,,,,,,,,,,,,,,,,,,,,,,,,,,,,,,,,,,
OHIO,2007,9151,17547,13000,7946,3087,,,,7615,2544,16679,8494,5446,4655,5297,,1334,4629,8594,775,1407,34,5782,5322,5786,6284,7202,1744,1396,438,,26627,5786,9282,8594,438,
OHIO,2008,9423,17893,12737,8260,3374,,,,6930,2629,17516,9011,5706,4382,5496,16,1348,4831,8696,819,1547,25,5849,5140,6392,6188,7100,1810,1513,426,,26829,6392,9341,8696,426,
OHIO,2009,9604,17817,12450,8264,3471,,,,6426,2500,17911,9371,5892,3874,5630,,1349,4960,8463,751,1644,17,5841,5424,6362,5975,7193,1762,1433,428,,26752,6362,9598,8463,428,
OHIO,2010,9569,17816,12312,8219,3797,,,,5709,2494,18130,9769,6135,3696,5778,,1393,5086,8164,679,1557,19,5948,5731,6256,5919,7421,1651,1435,449,,27202,6256,9637,8164,449,
OHIO,2011,9048,17557,12161,8188,4010,,,,4895,2323,17626,10067,6304,3779,5969,,1407,4938,7689,585,1481,,6081,5941,5973,5915,7414,1567,1484,479,,27239,5973,9582,7689,479,
OHIO,2012,8861,17484,12084,8182,4264,,,,4506,2666,17129,10216,6534,3729,6096,,1418,4896,7462,522,1324,,6179,6331,5845,5921,7443,1507,1470,547,,27328,5845,9692,7462,547,
OHIO,2013,8567,18031,12416,8064,4650,,,,4564,2981,17102,10264,6799,3715,6303,,1478,4835,7652,546,1388,11,6316,6546,5879,6007,7410,1538,1538,583,,27583,5879,10029,7652,583,
OHIO,2014,7973,17893,12694,7995,4963,,,,4419,2872,16760,10339,6970,3668,6492,,1509,4686,7903,500,1289,15,6383,6517,5725,6175,7254,1416,1567,577,,27574,5725,9736,7903,577,
OHIO,2015,7533,18066,13054,8201,5380,,,,4542,2963,16663,10446,7243,3636,6740,,1627,4701,8323,509,1275,12,6559,6499,5803,6309,7139,1368,1535,572,,27870,5803,9663,8323,572,
OHIO,2016,6879,18235,13213,8216,5632,,,,4297,2970,16658,10355,7395,3544,6955,,1672,4655,8536,479,1241,,6668,6373,5962,6358,6838,1265,1538,578,,27730,5962,9368,8536,578,
OHIO,2017,6311,17863,13257,8179,5868,,,,3707,2990,16263,10387,7510,3418,7203,,1803,4794,8121,386,1107,10,6829,6076,6107,6352,6662,1093,1539,597,,27979,6107,8671,8121,597,
OHIO,2018,5714,17238,13362,7959,6158,,,,3228,2869,15949,10139,7626,3277,7343,,1905,4910,7793,334,994,11,6910,5565,6174,6368,6324,972,1567,597,,27983,6174,7876,7793,597,
OHIO,2019,5255,16870,13794,7993,6426,,,,3350,2877,15638,9891,7717,3088,7495,283,1973,4903,7937,341,908,,6976,5201,6567,6451,5979,965,1555,566,,27838,6567,7422,7937,566,
OKLAHOMA,2004,3460,7921,7456,4322,1348,1610,8574,12032,216,105,3081,6143,8924,3785,2231,23,191,1925,7333,1319,730,684,2173,1758,2271,2683,1856,824,598,152,11,9425,2271,5315,7333,152,11
OKLAHOMA,2005,3255,8134,7374,4558,1504,1571,9043,12278,241,109,3184,6620,8717,3648,2282,26,214,2162,7123,1413,738,719,2184,1768,2125,2796,1933,859,640,141,12,9928,2125,5497,7123,141,12
OKLAHOMA,2006,3091,8018,7141,4549,1488,1486,9251,11973,315,102,3410,6704,8228,3326,2180,23,221,2271,6881,1501,724,761,2044,1761,1870,2743,1874,855,685,88,11,9837,1870,5601,6881,88,11
OKLAHOMA,2007,2987,8156,7069,4799,1592,1269,7659,9735,320,111,3423,6678,8429,3348,2240,54,247,2344,6909,1378,744,761,2101,1632,1988,2828,1956,911,676,102,26,10151,1988,5427,6909,102,26
OKLAHOMA,2008,2909,8248,6895,4876,1731,1287,7936,9622,367,86,3247,6864,8368,3266,2326,137,297,2435,6876,1253,708,697,2103,1789,1994,2871,1973,830,709,108,18,10388,1994,5276,6876,108,18
OKLAHOMA,2009,2908,8398,6715,4960,1821,1514,10129,11984,323,117,3437,6755,8575,3225,2338,33,321,2492,6881,1258,656,618,2107,1800,1978,2977,2003,837,748,108,19,10648,1978,5169,6881,108,19
OKLAHOMA,2010,3070,9011,6892,5162,2116,1701,10839,12705,388,93,3209,7084,9528,3407,2520,24,366,2520,7392,1166,670,601,2269,1811,2211,3268,2227,902,715,116,18,11365,2211,5151,7392,116,18
OKLAHOMA,2011,2966,8907,6873,4956,2276,1635,10806,12579,361,96,2875,6885,9785,3377,2573,26,384,2493,7269,1047,682,583,2277,1843,2124,3294,2263,866,734,100,17,11446,2124,5021,7269,100,17
OKLAHOMA,2012,2793,8522,6755,4825,2330,1584,10553,12105,328,99,2801,6657,9639,3195,2480,26,385,2442,7051,1023,685,583,2197,1800,2090,3105,2136,872,743,94,17,11009,2090,4964,7051,94,17
OKLAHOMA,2013,3010,9236,7407,5168,2725,1730,11540,13203,334,80,2960,7419,10461,3509,2754,31,440,2682,7359,1181,788,680,2416,2000,2293,3445,2294,976,864,106,23,12141,2293,5626,7359,106,23
OKLAHOMA,2014,2924,9322,7445,5119,2839,1676,11915,13058,353,79,3008,7718,10427,3348,2679,39,438,2799,7272,1163,799,723,2339,2038,2453,3356,2204,1036,901,106,22,12037,2453,5759,7272,106,22
OKLAHOMA,2015,2884,9597,7895,5118,3053,1757,12607,13250,378,64,3015,7983,10914,3413,2755,25,456,2958,7687,1244,835,742,2412,2065,2393,3363,2206,1063,1003,111,10,12398,2393,5949,7687,111,10
OKLAHOMA,2016,2797,9861,8372,5386,3500,1885,13123,13810,257,59,2842,7760,11962,3841,3159,36,532,3058,7733,1252,839,770,2742,2035,2325,3759,2458,1067,1204,122,21,13752,2325,5963,7733,122,21
OKLAHOMA,2017,2563,9309,8023,4904,3344,1896,12354,12526,277,88,2819,7165,11114,3631,3019,29,549,3000,6803,1208,782,846,2620,1867,2121,3642,2305,974,1307,103,17,13423,2121,5677,6803,103,17
OKLAHOMA,2018,2267,8726,7975,4639,3350,2036,11685,11717,450,88,2578,6578,10708,3569,2960,25,570,2996,5803,1019,755,944,2586,1790,2323,3587,2210,858,1409,94,15,13357,2323,5366,5803,94,15
OKLAHOMA,2019,2241,8072,7667,4256,3442,2077,11149,11142,385,54,2023,5697,10639,3708,3147,27,642,3221,4148,854,664,841,2764,1689,2387,3770,2322,715,1552,93,17,14271,2387,4762,4148,93,17
OREGON,2004,2424,3976,3732,2117,934,,,,35,1892,2834,4147,2344,1192,738,,389,1385,1081,390,328,486,1000,1235,876,3417,1780,113,577,122,,8549,876,2552,1081,122,
OREGON,2005,2306,4066,3814,2199,1025,,,,36,1960,2855,4124,2477,1203,753,,393,1440,1021,466,315,577,994,1225,940,3494,1789,110,550,93,,8662,940,2692,1021,93,
OREGON,2006,2196,4223,3784,2410,1094,,,,55,1852,2997,4263,2549,1216,772,,440,1560,1117,449,343,538,999,1234,946,3554,1784,117,542,81,,8880,946,2681,1117,81,
OREGON,2007,2241,4287,3745,2472,1203,,,,41,1817,3147,4291,2617,1232,799,,464,1613,1122,486,394,509,1002,1263,942,3534,1821,135,577,82,,9011,942,2786,1122,82,
OREGON,2008,2221,4368,3694,2551,1333,,,,51,1695,3225,4439,2686,1253,816,,469,1683,1089,416,442,414,1022,1233,1011,3690,1880,141,586,88,,9330,1011,2646,1089,88,
OREGON,2009,2194,4424,3648,2699,1438,,,,50,1597,3369,4445,2788,1302,850,,500,1754,1092,426,466,412,1038,1207,945,3767,1927,150,623,93,,9608,945,2661,1092,93,
OREGON,2010,2228,4617,3672,2842,1517,,,,59,1705,3400,4534,2931,1365,880,,514,1812,1185,476,438,378,1065,1237,948,3930,2006,138,660,90,,9985,948,2666,1185,90,
OREGON,2011,2092,4462,3559,2825,1572,,,,61,1710,3226,4404,2885,1342,881,,507,1722,1283,439,419,322,1043,1183,1039,3806,1866,134,662,81,,9608,1039,2496,1283,81,
OREGON,2012,2076,4570,3624,2894,1675,,,,58,1593,3554,4430,2945,1365,894,,505,1752,1308,468,463,338,1033,1279,1030,3850,1909,137,682,86,,9731,1030,2683,1308,86,
OREGON,2013,2001,4971,3784,3014,1747,901,8175,,43,1649,4192,4644,3163,1163,635,29,520,2100,1371,617,523,485,617,1400,1071,3912,1979,154,675,82,12,9803,1071,3179,1371,82,12
OREGON,2014,1792,4727,3788,2936,1833,927,8035,,13,1595,3915,4552,3149,1182,641,28,507,2096,1243,624,560,499,610,1322,1029,3794,1896,153,640,91,11,9543,1029,3158,1243,91,11
OREGON,2015,,,,,,,,,,,,,,,,,,,,,,,,,,,,,,,,,,,,,
OREGON,2016,,,,,,,,,,,,,,,,,,,,,,,,,,,,,,,,,,,,,
OREGON,2017,1315,4816,4096,2882,2108,1057,8671,,12,1623,3999,4187,3180,1298,900,20,565,1856,1152,613,600,612,1207,1302,978,3848,1596,113,652,108,17,9723,978,3240,1152,108,17
OREGON,2018,1290,4796,4166,2844,2173,1052,8765,,,1512,4082,4158,3214,1343,914,38,594,1901,1190,534,514,651,1222,1276,1059,3895,1553,136,613,96,36,9778,1059,3110,1190,96,36
OREGON,2019,1197,4506,4226,2735,2296,1002,7476,,10,1462,3860,4049,3206,1384,926,63,599,1921,1190,475,391,685,1231,1115,1077,3917,1473,132,626,69,61,9765,1077,2799,1190,69,61
PENNSYLVANIA,2004,6236,14217,11525,6539,2446,1203,14634,10255,,25,8382,9522,13416,4904,4046,660,568,4228,8109,665,1237,37,6592,2411,2386,5097,5325,1204,927,1440,736,22737,2386,5555,8109,1440,736
PENNSYLVANIA,2005,6044,14694,11856,7060,2727,1231,15693,10849,12,32,8572,10080,13657,5138,4166,725,603,4262,8380,730,1294,34,6773,2416,2706,5343,5527,1114,1026,1379,794,23535,2706,5587,8380,1379,794
PENNSYLVANIA,2006,6266,15273,12178,7648,3032,1198,16910,11877,14,26,9127,10692,13923,5435,4332,849,610,4291,9077,805,1438,45,7065,2444,3191,5579,5513,1088,1074,1270,907,24132,3191,5820,9077,1270,907
PENNSYLVANIA,2007,6566,15594,12430,8106,3273,1157,17902,12925,27,32,9597,11198,14160,5649,4428,878,573,4395,9491,832,1578,67,7265,2497,3819,5725,5544,1080,1022,1130,952,24524,3819,6053,9491,1130,952
PENNSYLVANIA,2008,7072,16689,12894,8976,3584,1224,19608,14372,25,44,10514,12301,14793,6008,4605,925,587,4638,10479,951,1791,95,7607,2606,4723,5979,5638,1144,1019,978,982,25467,4723,6586,10479,978,982
PENNSYLVANIA,2009,7208,17607,13149,9509,3957,1216,20721,15434,37,45,11037,12904,15539,6286,4684,897,589,4879,11010,1014,1948,106,7885,2741,5410,6070,5789,1176,993,874,946,26205,5410,6984,11010,874,946
PENNSYLVANIA,2010,7005,17634,12726,9632,4266,1098,21310,15872,43,53,10719,12834,15493,6506,4772,845,545,4935,10671,979,2011,110,8062,2847,5585,6119,5636,1203,965,705,891,26263,5585,7149,10671,705,891
PENNSYLVANIA,2011,6917,17761,12651,9654,4595,991,21986,16745,53,49,10413,12837,15653,6809,4909,855,481,4938,10423,986,2126,116,8341,3009,5729,6280,5511,1200,989,561,888,26540,5729,7437,10423,561,888
PENNSYLVANIA,2012,6643,17464,12622,9503,4894,971,22826,17126,50,55,10193,12552,15414,6986,4986,890,487,5016,9740,940,2236,123,8497,3114,5776,6191,5450,1201,953,486,915,26594,5776,7614,9740,486,915
PENNSYLVANIA,2013,6555,17626,12673,9357,5211,999,24307,17960,49,66,10292,12486,15399,7236,5063,832,499,5070,9577,909,2363,124,8724,3161,5907,6196,5432,1214,1001,394,852,26922,5907,7771,9577,394,852
PENNSYLVANIA,2014,6025,17353,12632,9118,5567,1064,25391,18448,56,68,10086,12012,15105,7467,5119,780,485,5024,8868,933,2444,125,8937,3112,5966,6238,5249,1198,967,355,791,26901,5966,7813,8868,355,791
PENNSYLVANIA,2015,5354,16882,12641,9056,5924,1188,26651,19208,78,61,9739,11654,14644,7686,5191,804,480,5071,7728,924,2563,117,9107,2980,6261,6295,5045,1197,982,294,814,26979,6261,7781,7728,294,814
PENNSYLVANIA,2016,4791,16560,12738,8907,6247,1191,27199,19904,65,50,9636,11257,14300,7893,5257,786,490,5046,6954,927,2545,122,9257,2921,6412,6358,4957,1194,994,266,799,27103,6412,7710,6954,266,799
PENNSYLVANIA,2017,4303,16273,12579,8675,6503,1138,26308,19101,61,53,9064,10890,13947,8233,5283,802,521,5037,6440,833,2473,113,9474,2766,6178,6446,4808,1156,1043,229,814,27330,6178,7341,6440,229,814
PENNSYLVANIA,2018,3781,15892,12559,8298,6709,1123,26365,18837,36,37,8497,10773,13623,8280,5261,731,580,5003,6065,791,2342,108,9458,2676,6072,6379,4594,1125,1116,191,738,27130,6072,7042,6065,191,738
PENNSYLVANIA,2019,3228,15119,12445,7933,6977,1018,25093,18045,13,10,7312,10257,13349,8528,5348,885,644,4930,5434,667,2064,112,9652,2434,5891,6424,4203,1042,1128,190,888,26980,5891,6318,5434,190,888
RHODE ISLAND,2004,698,1053,1017,473,189,293,1343,1777,1015,228,811,402,501,283,116,74,61,608,544,66,176,44,332,254,391,372,428,81,42,19,11,1843,391,621,544,19,11
RHODE ISLAND,2005,746,1084,1087,552,186,309,1451,1876,1039,328,900,411,498,287,117,75,63,618,626,76,179,63,333,250,456,380,460,94,35,18,,1890,456,662,626,18,
RHODE ISLAND,2006,732,1266,1170,626,202,310,1601,2075,1154,282,1036,464,533,307,134,86,66,707,691,96,150,56,368,314,482,438,474,97,36,21,,2089,482,711,691,21,
RHODE ISLAND,2007,762,1206,1140,683,227,345,1629,2030,993,386,1143,462,550,282,119,83,62,659,840,60,174,56,356,324,420,450,443,104,39,24,,2010,420,717,840,24,
RHODE ISLAND,2008,722,1258,1085,734,245,305,1329,2405,918,323,1230,507,554,299,131,82,56,636,783,63,217,50,378,339,408,466,480,96,51,19,,2068,408,764,783,19,
RHODE ISLAND,2009,671,1104,972,699,228,283,1293,2088,872,272,997,454,574,292,128,86,57,574,614,56,187,38,374,307,373,439,470,95,53,28,10,1966,373,682,614,28,10
RHODE ISLAND,2010,598,1039,841,650,228,270,1362,1718,755,205,865,443,589,291,125,84,56,553,451,48,155,36,366,296,360,423,459,69,46,33,,1904,360,605,451,33,
RHODE ISLAND,2011,581,1040,846,638,231,314,1520,1498,679,190,871,472,612,300,131,83,56,563,427,36,153,19,382,296,351,424,465,74,53,33,,1943,351,578,427,33,
RHODE ISLAND,2012,602,1022,802,637,255,353,1630,1330,706,219,771,496,598,295,132,101,44,573,369,46,165,24,384,300,392,423,433,68,57,33,,1914,392,603,369,33,
RHODE ISLAND,2013,551,1084,768,667,291,359,1717,1284,741,217,710,566,586,303,145,92,45,601,344,43,181,27,393,282,418,421,432,88,59,22,,1951,418,620,344,22,
RHODE ISLAND,2014,526,1120,777,619,317,395,1767,1197,718,190,774,577,576,291,151,82,47,581,371,54,168,29,384,275,425,420,424,91,56,32,,1911,425,619,371,32,
RHODE ISLAND,2015,474,1122,728,618,305,401,1693,1154,594,230,762,588,559,280,164,72,41,592,408,43,124,24,377,231,396,419,404,93,58,37,,1892,396,515,408,37,
RHODE ISLAND,2016,449,1035,705,585,329,377,1628,1091,548,190,735,546,557,283,175,69,45,541,433,47,138,19,377,221,340,402,376,70,61,30,,1802,340,495,433,30,
RHODE ISLAND,2017,402,942,658,513,346,362,1449,1046,560,162,590,490,543,275,194,47,33,507,356,35,112,15,370,194,336,386,355,74,59,29,,1710,336,430,356,29,
RHODE ISLAND,2018,353,932,656,464,363,416,1328,1015,613,158,515,456,507,278,203,37,31,472,309,35,148,23,363,170,366,372,326,77,45,29,,1610,366,453,309,29,
RHODE ISLAND,2019,341,919,666,445,369,374,1306,1051,603,142,515,443,507,273,222,35,57,462,321,36,107,19,375,152,361,366,308,87,50,35,,1618,361,402,321,35,
SOUTH CAROLINA,2004,4940,8314,6140,3118,916,1737,5337,16344,1572,610,3836,6246,6732,2465,1965,,207,2234,5114,1091,1088,522,2666,3522,1204,1595,2951,374,660,199,,10313,1204,6597,5114,199,
SOUTH CAROLINA,2005,4606,8202,6093,3281,977,1713,5197,16234,1242,519,3691,6117,7038,2518,2035,,230,2112,5063,936,1100,446,2784,3536,1048,1670,2985,362,691,198,,10471,1048,6380,5063,198,
SOUTH CAROLINA,2006,4423,8361,6275,3479,1078,1637,5376,16575,1305,516,3774,6223,7211,2531,2052,,250,2267,5160,888,1085,457,2825,3551,1170,1692,3025,333,723,188,,10781,1170,6314,5160,188,
SOUTH CAROLINA,2007,4334,8599,6397,3712,1197,1657,5627,16921,1701,638,3908,6306,7190,2462,2022,11,256,2309,5211,935,1244,445,2810,3601,1311,1694,3093,386,721,219,,10885,1311,6610,5211,219,
SOUTH CAROLINA,2008,4382,8638,6173,3823,1310,1641,5655,16998,1545,633,3699,6422,7457,2483,2060,26,256,2274,5100,873,1216,431,2884,3735,1253,1630,3262,391,753,266,,11059,1253,6646,5100,266,
SOUTH CAROLINA,2009,4338,8583,5980,3948,1439,1659,5617,16980,1435,599,3602,6340,7671,2526,2081,33,275,2187,5009,820,1251,450,2960,3739,1210,1625,3293,407,780,279,,11120,1210,6668,5009,279,
SOUTH CAROLINA,2010,3968,8234,5879,3923,1574,1591,5530,16424,1166,602,3292,5948,7818,2592,2107,52,285,2170,4690,712,1205,336,3050,3588,1159,1615,3327,402,796,243,,11243,1159,6242,4690,243,
SOUTH CAROLINA,2011,3776,7889,5703,3857,1688,1563,5309,16011,899,510,2983,5541,7999,2720,2203,60,279,2090,4386,588,1072,298,3214,3478,1021,1620,3395,402,815,245,12,11413,1021,5837,4386,245,12
SOUTH CAROLINA,2012,3534,7608,5612,3804,1830,1591,5277,15489,988,505,2846,5257,7844,2732,2162,54,284,1955,4171,551,1136,264,3190,3469,958,1615,3328,417,817,217,18,11188,958,5836,4171,217,18
SOUTH CAROLINA,2013,3372,7419,5532,3770,1967,1744,5041,15253,837,410,2870,5061,7810,2855,2176,40,305,1897,4009,479,1114,250,3235,3523,938,1613,3287,366,823,206,16,11160,938,5731,4009,206,16
SOUTH CAROLINA,2014,2914,7248,5507,3715,2017,1733,4814,14839,777,411,2755,4666,7674,2940,2150,27,306,1847,3816,436,1023,228,3269,3388,966,1618,3160,327,815,185,16,11016,966,5402,3816,185,16
SOUTH CAROLINA,2015,2586,7000,5494,3698,2151,1739,4647,14528,712,375,2697,4433,7493,3039,2151,30,303,1852,3766,449,968,229,3326,3204,881,1572,3067,296,822,179,14,10943,881,5146,3766,179,14
SOUTH CAROLINA,2016,2498,7000,5490,3632,2238,1775,4558,14509,568,364,2728,4432,7360,3182,2185,38,328,1890,3472,415,972,272,3424,3160,952,1617,3048,289,846,162,12,11153,952,5107,3472,162,12
SOUTH CAROLINA,2017,2212,6508,5369,3471,2345,1722,4383,13788,331,12,2571,4332,7231,3257,2142,29,318,1961,3332,350,757,262,3440,2949,831,1613,2889,222,848,127,,11069,831,4539,3332,127,
SOUTH CAROLINA,2018,1902,6142,5265,3321,2403,1617,4281,13122,395,307,2358,3810,6833,3232,2076,22,320,2039,3167,286,670,212,3363,2739,813,1566,2695,206,828,120,,10812,813,4113,3167,120,
SOUTH CAROLINA,2019,1694,5959,5226,3248,2481,1581,4216,12791,412,324,2223,3594,6703,3277,2051,23,301,1959,3180,282,724,243,3413,2501,849,1520,2496,216,782,138,,10470,849,3966,3180,138,
SOUTH DAKOTA,2004,,,,,,,,,,,,,,,,,,,,,,,,,,,,,,,,,,,,,
SOUTH DAKOTA,2005,,,,,,,,,,,,,,,,,,,,,,,,,,,,,,,,,,,,,
SOUTH DAKOTA,2006,,,,,,,,,,,,,,,,,,,,,,,,,,,,,,,,,,,,,
SOUTH DAKOTA,2007,,,,,,,,,,,,,,,,,,,,,,,,,,,,,,,,,,,,,
SOUTH DAKOTA,2008,,,,,,,,,,,,,,,,,,,,,,,,,,,,,,,,,,,,,
SOUTH DAKOTA,2009,,,,,,,,,,,,,,,,,,,,,,,,,,,,,,,,,,,,,
SOUTH DAKOTA,2010,,,,,,,,,,,,,,,,,,,,,,,,,,,,,,,,,,,,,
SOUTH DAKOTA,2011,,,,,,,,,,,,,,,,,,,,,,,,,,,,,,,,,,,,,
SOUTH DAKOTA,2012,,,,,,,,,,,,,,,,,,,,,,,,,,,,,,,,,,,,,
SOUTH DAKOTA,2013,591,1309,848,605,329,,2367,468,33,31,701,1061,1074,596,,186,17,460,735,126,229,24,281,385,405,672,172,39,100,23,12,1703,405,804,735,23,12
SOUTH DAKOTA,2014,562,1283,806,599,358,15,2572,647,22,28,648,987,1121,618,,183,16,486,715,138,215,29,288,359,353,661,176,37,107,23,,1733,353,777,715,23,
SOUTH DAKOTA,2015,547,1246,857,561,353,28,2453,826,24,24,627,1018,1067,613,,191,18,474,789,125,224,35,275,342,319,618,176,31,99,35,,1661,319,757,789,35,
SOUTH DAKOTA,2016,542,1397,935,578,378,33,2586,957,,,310,681,902,616,,1315,19,479,1052,130,217,33,276,340,308,623,174,38,106,29,,1677,308,759,1052,29,
SOUTH DAKOTA,2017,542,1479,974,575,399,20,2694,1035,,54,845,972,960,644,,492,16,494,1204,87,203,34,282,319,294,647,174,53,104,36,22,1717,294,696,1204,36,22
SOUTH DAKOTA,2018,519,1427,1048,542,412,16,2698,1033,14,41,766,1114,1100,653,,256,15,506,1203,84,200,31,293,294,290,625,177,42,104,32,53,1719,290,651,1203,32,53
SOUTH DAKOTA,2019,480,1344,1026,545,405,11,2566,1028,,31,653,1088,1076,678,10,256,11,530,1146,96,139,35,305,282,259,606,165,26,101,22,78,1718,259,579,1146,22,78
TENNESSEE,2004,4415,9394,7306,3669,1100,569,8816,10323,394,169,6292,7127,7036,3026,1816,24,178,2652,5045,663,1987,,3200,3026,1337,2815,3930,241,756,24,28,13530,1337,5919,5045,24,28
TENNESSEE,2005,4202,9531,7513,3916,1208,546,9116,10416,437,159,6536,7310,7069,2979,1851,27,178,2733,5380,656,2096,,3219,2973,1359,2845,3831,248,783,34,33,13588,1359,5976,5380,34,33
TENNESSEE,2006,3870,9253,7305,4026,1290,543,9004,10242,434,147,6334,7192,6926,2860,1823,29,175,2662,5352,632,2038,,3164,2851,1349,2831,3617,242,757,38,35,13206,1349,5766,5352,38,35
TENNESSEE,2007,3868,9410,7296,4298,1395,532,9316,10589,405,140,6571,7355,7094,2824,1846,31,190,2625,5615,640,2059,,3201,2878,1393,2818,3708,258,795,43,39,13337,1393,5839,5615,43,39
TENNESSEE,2008,3912,9722,7444,4592,1558,617,10107,10251,407,133,6624,7734,7531,2864,1899,35,196,2788,5883,643,2108,,3300,2916,1514,2881,3759,276,858,56,46,13781,1514,5947,5883,56,46
TENNESSEE,2009,3973,9610,7145,4536,1701,717,10499,9481,392,156,6423,7602,7625,2826,1902,39,203,2777,5817,634,2029,,3326,2826,1525,2893,3712,254,853,62,52,13765,1525,5745,5817,62,52
TENNESSEE,2010,4259,9683,7163,4565,1780,824,11045,9142,374,135,6522,7736,7954,2791,1895,44,188,2813,6040,625,2051,,3310,3026,1513,2897,3702,260,859,109,55,13768,1513,5966,6040,109,55
TENNESSEE,2011,4430,10158,7323,4652,1915,851,11400,9458,419,100,6894,8230,8150,2767,1862,57,197,2880,6321,601,2252,,3253,3271,1644,2798,3698,255,930,293,83,13756,1644,6382,6321,293,83
TENNESSEE,2012,4124,10006,7512,4687,2083,897,11475,9192,382,120,6806,8039,8355,2746,1899,63,198,2904,6197,576,2285,,3282,3238,1586,2829,3614,264,950,396,87,13777,1586,6367,6197,396,87
TENNESSEE,2013,3804,9994,7692,4782,2249,868,11649,9221,378,116,6613,8139,8471,2799,1931,73,192,2904,6088,579,2326,,3336,3268,1674,2844,3507,247,967,477,109,13749,1674,6424,6088,477,109
TENNESSEE,2014,3627,9942,7860,4886,2454,908,11422,9214,373,107,6783,8081,8573,2816,1959,77,176,2956,6064,620,2398,,3350,3237,1716,2889,3425,244,1009,565,118,13805,1716,6501,6064,565,118
TENNESSEE,2015,3278,9660,7921,4861,2453,1003,10998,9026,352,89,6425,7985,8524,2788,1918,90,172,2954,5760,566,2447,,3324,3067,1711,2838,3356,235,986,618,136,13630,1711,6316,5760,618,136
TENNESSEE,2016,3007,9533,8024,4995,2643,1107,11204,9116,321,88,6283,8086,8647,2765,1921,92,176,2946,5746,542,2386,,3297,3054,1787,2871,3318,241,1030,656,150,13639,1787,6225,5746,656,150
TENNESSEE,2017,2650,9772,8524,5176,2859,1171,11403,9182,338,99,6399,8418,8855,2812,1964,95,184,3035,6024,585,2433,,3347,3076,1913,2915,3329,244,1034,699,159,13844,1913,6340,6024,699,159
TENNESSEE,2018,2223,8756,7843,4767,2733,1052,10132,8291,282,87,5718,7720,8071,2566,1784,94,168,2866,5530,517,2127,,3041,2702,1805,2666,2905,226,1001,612,155,12646,1805,5573,5530,612,155
TENNESSEE,2019,2151,8521,7978,4769,2929,1067,9655,8260,245,75,5554,7912,8124,2542,1789,109,169,2957,5639,471,2084,,3100,2637,1802,2757,2780,199,1026,540,184,12790,1802,5394,5639,540,184
TEXAS,2004,26190,53505,51021,28562,8826,6550,49562,23297,6827,2879,24893,35438,50336,35821,9297,2614,1552,22494,24603,5295,6533,2886,14614,21127,11395,21371,27019,1164,2601,,5448,89651,11395,37005,24603,,5448
TEXAS,2005,25182,53512,50277,30280,9753,13151,65290,81993,15341,4005,25584,32800,46353,35539,9378,,1551,20566,32455,4478,5525,2281,14570,18392,17786,20601,24400,1103,2742,,2552,84430,17786,31779,32455,,2552
TEXAS,2006,24688,54452,49876,32308,10793,14965,74876,70706,15273,4113,26704,33583,46491,36346,9600,,1652,21940,33458,4284,5577,2214,14970,18374,19199,21400,25041,1102,2867,,37,87870,19199,31550,33458,,37
TEXAS,2007,23994,54535,48488,33284,11489,15492,79193,64795,15412,3995,26751,34062,45819,36026,9714,12,1688,22283,33055,3910,5646,2033,15119,17650,19481,21770,25022,1142,2986,,,88868,19481,30381,33055,,
TEXAS,2008,24439,54817,46994,33882,12374,16504,89275,61245,16296,3727,27358,34371,45201,35708,9840,,1706,22610,33118,3641,5913,1813,15403,17205,19721,21979,25194,1132,3068,,,89961,19721,29704,33118,,
TEXAS,2009,24405,54141,45450,34060,13194,17699,89090,54475,16225,3685,27149,34292,44904,35176,9814,,1760,23091,31188,3447,6334,1686,15434,16823,20047,22081,25088,1117,3147,,,90602,20047,29408,31188,,
TEXAS,2010,24563,54864,44862,35054,14306,21428,100851,48366,16107,3583,27634,35345,45591,35488,9897,,1819,23861,30610,3503,6645,1450,15687,17164,20825,22322,25293,1169,3298,,,92281,20825,29931,30610,,
TEXAS,2011,23974,54416,43947,34689,15198,18922,100872,48077,15009,3432,27075,35626,45652,35521,9907,,1791,24333,29229,3550,6958,1300,15713,16611,20813,22175,25229,1228,3291,,,92532,20813,29648,29229,,
TEXAS,2012,22740,52591,42068,33260,15713,17239,97195,47428,14701,3347,25388,33983,44474,34628,9848,,1690,23574,27284,3303,6996,1203,15576,15491,20601,21776,24381,1267,3228,,,90225,20601,28260,27284,,
TEXAS,2013,21883,53134,42710,33378,17175,16784,100266,47202,15014,3294,26042,34314,44792,34837,9984,,1612,24640,26938,3232,7287,1107,15695,15212,21677,21816,24494,1314,3253,,,91510,21677,28151,26938,,
TEXAS,2014,20642,52462,42347,32574,18017,15944,99360,47551,14392,3170,25798,34165,44159,34404,9951,,1535,24743,26520,3246,7157,1083,15633,14606,21854,21152,24053,1287,3169,,,90286,21854,27379,26520,,
TEXAS,2015,19045,51694,42756,31634,18780,15660,98058,47566,13133,2981,25983,34227,43655,33987,9940,,1455,25082,26070,3210,6884,1173,15553,13943,21974,20614,23600,1183,3167,,,89470,21974,26393,26070,,
TEXAS,2016,17465,51527,43483,31408,19819,14422,94687,51655,12934,2925,25291,34105,44032,34343,10069,,1403,25251,26320,3299,6378,1221,15693,13244,22329,20653,23597,1099,3215,,,89812,22329,25240,26320,,
TEXAS,2017,16332,50771,43683,30709,21027,13921,95548,49416,12429,2815,24675,33707,44143,34614,10135,,1376,25597,26376,3224,5603,1159,15789,12812,22232,20681,23474,1066,3132,,,90050,22232,23864,26376,,
TEXAS,2018,15380,50279,45342,30527,22100,13682,94904,51497,12353,2828,24801,33667,44479,35164,10331,,1395,26386,26937,3269,5471,1262,16112,12064,22018,21012,23431,1094,3175,,,91510,22018,23160,26937,,
TEXAS,2019,14039,47364,44637,29458,22931,13059,90513,50808,10934,2326,23225,32321,43959,35305,10354,,1358,26156,25904,2948,4804,1177,16206,10772,20663,21288,22743,1014,3394,,,91145,20663,20715,25904,,
UTAH,2004,1030,2081,1771,798,310,521,,4567,10,,,2281,2189,,1476,34,125,444,1477,310,293,95,240,373,319,1464,514,135,199,,,2987,319,1206,1477,,
UTAH,2005,969,2282,1864,930,337,489,,4957,,,,2545,2249,,1550,28,130,455,1641,324,279,101,252,387,365,1545,524,157,219,,,3125,365,1249,1641,,
UTAH,2006,899,2298,1791,1064,382,476,,4870,16,,,2564,2224,,1605,24,123,472,1614,303,291,79,265,384,382,1619,474,165,258,,,3211,382,1222,1614,,
UTAH,2007,875,2283,1865,1105,386,453,,4940,11,,,2641,2220,,1618,24,124,459,1591,275,268,82,277,398,430,1665,489,180,273,,,3287,430,1204,1591,,
UTAH,2008,845,2381,1734,1171,420,411,,5061,35,,,2678,2182,,1632,25,131,511,1465,319,269,71,293,402,465,1669,488,192,276,,,3367,465,1253,1465,,
UTAH,2009,869,2419,1652,1137,461,358,,5128,14,,,2660,2193,,1636,35,125,530,1381,286,285,61,297,421,476,1695,510,176,283,,,3441,476,1228,1381,,
UTAH,2010,851,2539,1745,1150,521,326,,5330,13,,,2774,2278,,1690,52,119,568,1322,319,264,70,308,465,578,1729,521,196,325,,21,3570,578,1313,1322,,21
UTAH,2011,859,2611,1726,1140,543,239,,5486,,,,2759,2335,,1741,37,121,589,1303,322,308,58,314,495,537,1775,526,198,315,,12,3640,537,1382,1303,,12
UTAH,2012,793,2612,1817,1170,570,200,,5236,,,,2714,2394,,1823,27,124,590,1320,311,374,44,324,484,526,1819,510,184,341,,,3708,526,1398,1320,,
UTAH,2013,757,2638,1878,1181,622,194,,4610,,,,2760,2456,,1830,26,125,605,1417,264,383,38,323,495,505,1820,526,195,372,,,3771,505,1376,1417,,
UTAH,2014,664,2516,1949,1235,667,178,,4111,,,,2643,2482,,1869,30,131,591,1399,262,340,50,333,493,501,1810,527,194,391,,,3783,501,1338,1399,,
UTAH,2015,529,2284,1831,1167,684,149,,3284,,,,2298,2307,,1855,31,140,569,1183,209,299,36,346,431,423,1756,503,193,397,,,3710,423,1168,1183,,
UTAH,2016,469,2060,1798,1124,723,114,,2522,,,,1997,2249,,1893,29,145,606,894,199,252,38,346,380,439,1761,516,182,411,,,3785,439,1049,894,,
UTAH,2017,477,2062,1874,1092,715,100,,2183,,,,2047,2302,,1833,27,142,617,930,179,282,37,350,383,492,1714,492,190,402,,,3718,492,1071,930,,
UTAH,2018,513,2096,2072,1167,804,96,,2049,16,,,2230,2415,,1965,25,142,643,1018,199,331,51,370,393,574,1792,492,229,407,,,3847,574,1203,1018,,
UTAH,2019,498,2089,2111,1164,802,84,,1848,,,,2238,2379,,2018,25,139,693,971,209,324,50,380,380,584,1777,471,234,445,,,3906,584,1197,971,,
VERMONT,2004,,,,,,,,,,,,,,,,,,,,,,,,,,,,,,,,,,,,,
VERMONT,2005,,,,,,,,,,,,,,,,,,,,,,,,,,,,,,,,,,,,,
VERMONT,2006,,,,,,,,,,,,,,,,,,,,,,,,,,,,,,,,,,,,,
VERMONT,2007,,,,,,,,,,,,,,,,,,,,,,,,,,,,,,,,,,,,,
VERMONT,2008,,,,,,,,,,,,,,,,,,,,,,,,,,,,,,,,,,,,,
VERMONT,2009,465,740,514,363,138,,,,100,64,400,447,547,180,100,382,,466,158,83,88,13,102,190,373,447,82,107,54,37,11,1159,373,482,158,37,11
VERMONT,2010,393,713,485,350,139,,,,103,50,368,418,543,168,108,322,,479,132,68,72,17,100,161,325,428,96,106,56,31,,1164,325,424,132,31,
VERMONT,2011,312,679,494,375,193,,,,110,66,401,502,563,232,159,21,,451,130,56,88,22,133,147,308,458,93,92,55,10,,1197,308,404,130,10,
VERMONT,2012,331,716,418,334,235,,,,69,54,423,603,575,181,106,21,,462,108,87,69,11,95,176,307,428,101,125,43,,13,1131,307,468,108,,13
VERMONT,2013,335,744,492,353,153,,,,89,43,335,437,462,181,131,399,,466,159,55,98,17,106,189,300,386,87,113,48,41,,1099,300,472,159,41,
VERMONT,2014,,,,,,,,,,,,,,,,,,,,,,,,,,,,,,,,,,,,,
VERMONT,2015,248,620,388,311,184,47,658,401,,,,,,,,1750,,445,98,46,51,20,105,133,214,352,108,67,55,,47,1069,214,317,98,,47
VERMONT,2016,183,658,419,302,173,76,702,371,,,,,,,,1735,,460,99,32,47,18,115,142,211,333,101,55,51,,61,1064,211,294,99,,61
VERMONT,2017,124,542,404,293,183,,532,299,50,32,178,256,494,406,24,107,13,260,115,42,56,12,101,164,242,334,73,45,49,24,16,830,242,320,115,24,16
VERMONT,2018,121,599,434,270,234,,528,317,66,47,190,305,493,248,198,113,19,290,133,35,51,16,104,182,277,336,85,52,50,12,16,884,277,336,133,12,16
VERMONT,2019,112,524,461,282,229,,465,309,62,27,173,274,523,274,197,79,20,346,111,24,52,,100,161,250,333,77,53,46,17,11,921,250,297,111,17,11
VIRGINIA,2004,,,,,,,,,,,,,,,,,,,,,,,,,,,,,,,,,,,,,
VIRGINIA,2005,,,,,,,,,,,,,,,,,,,,,,,,,,,,,,,,,,,,,
VIRGINIA,2006,,,,,,,,,,,,,,,,,,,,,,,,,,,,,,,,,,,,,
VIRGINIA,2007,,,,,,,,,,,,,,,,,,,,,,,,,,,,,,,,,,,,,
VIRGINIA,2008,,,,,,,,,,,,,,,,,,,,,,,,,,,,,,,,,,,,,
VIRGINIA,2009,4949,12753,10280,7376,2701,2985,12807,18942,486,1514,8960,8833,9022,6842,2317,85,136,3176,4278,2017,2201,114,799,2343,4713,2944,1316,299,915,200,12609,9286,4713,6973,4278,200,12609
VIRGINIA,2010,4826,12456,9884,7492,2980,2122,9055,12998,164,997,8705,8811,8855,6262,,3844,150,3164,3957,1198,2657,156,927,2612,4869,2999,1503,271,1026,166,11983,9769,4869,6894,3957,166,11983
VIRGINIA,2011,4772,12719,9800,7725,3114,2239,10111,12916,1153,98,9026,9170,8995,6256,1370,2063,,4083,5448,,4970,,4504,3194,1944,4250,6240,171,2427,13,886,21504,1944,8335,5448,13,886
VIRGINIA,2012,4420,12185,9604,7499,3336,,,,1111,91,8682,8684,8850,6190,1356,2080,,4007,5007,,4950,,4513,3189,1804,4200,6127,758,2367,18,104,21214,1804,8897,5007,18,104
VIRGINIA,2013,4158,12017,9695,7497,3614,,,,1107,115,9046,8863,8924,6280,1356,1291,,3971,5506,,4942,,4552,3205,1383,4274,6087,171,2374,17,500,21258,1383,8319,5506,17,500
VIRGINIA,2014,3937,12208,9935,7578,3887,,,,1175,113,9455,8862,9019,6265,1362,1291,,4113,5702,,5122,,4602,3229,1458,4589,5975,172,2396,42,145,21675,1458,8522,5702,42,145
VIRGINIA,2015,3680,12362,10286,7772,4304,,,,1199,125,9378,8597,9002,6449,2588,1066,,4112,5796,,5329,,4607,3182,1609,4761,6016,155,2459,36,342,21954,1609,8666,5796,36,342
VIRGINIA,2016,3144,12079,10311,7602,4677,2664,13521,10848,1152,97,8410,8104,8883,6568,2653,1945,,4073,5550,,4938,,4832,3081,1331,4706,5766,155,2452,37,893,21829,1331,8173,5550,37,893
VIRGINIA,2017,2747,11747,10456,7329,4878,2717,13272,10584,1136,117,8717,8112,8827,6553,2565,1131,,4180,5567,,4823,,4804,2950,1351,4573,5513,141,2363,45,847,21434,1351,7914,5567,45,847
VIRGINIA,2018,2707,11369,10606,6976,5002,2827,13074,10270,838,70,5810,6773,8311,6395,2191,6272,,3781,4893,,3898,,4605,2443,1202,4313,5061,122,2251,52,4040,20011,1202,6462,4893,52,4040
VIRGINIA,2019,2545,10831,10707,6801,5207,2838,13156,9896,520,1263,5375,6423,8135,6387,2292,5696,,3602,4510,,3365,,4630,2111,1235,4341,4774,116,2179,50,5180,19525,1235,5592,4510,50,5180
WASHINGTON,2004,2883,5415,4917,2480,918,1986,4253,4031,1158,2097,2605,3806,4488,1015,1444,,275,1661,3696,414,545,139,1692,1343,1575,2608,1350,675,356,286,,7941,1575,3116,3696,286,
WASHINGTON,2005,2824,5639,5153,2765,1001,2379,5079,3639,262,229,710,6459,6937,1099,1687,,294,1808,3626,498,606,181,1748,1400,1691,2731,1306,854,357,284,,8244,1691,3538,3626,284,
WASHINGTON,2006,2703,5640,5228,2898,1091,2966,6058,2930,335,275,866,6320,7316,1151,1278,21,314,1904,3424,529,651,229,1806,1460,1603,2791,1257,849,384,343,19,8455,1603,3717,3424,343,19
WASHINGTON,2007,2749,5729,5091,3043,1160,4155,8226,1924,449,394,1163,5898,7812,1183,857,16,295,2050,3076,560,665,259,1858,1478,1619,2908,1351,811,410,431,,8873,1619,3773,3076,431,
WASHINGTON,2008,2597,5863,4959,3221,1286,4362,8779,1587,476,450,1131,5768,7970,1170,850,111,297,2163,2780,568,613,399,1864,1440,1809,3012,1344,755,405,370,107,9086,1809,3775,2780,370,107
WASHINGTON,2009,2700,6058,4840,3241,1395,4480,8927,1440,502,498,1185,5658,8192,1167,879,151,301,2335,2539,587,569,468,1940,1469,2017,3086,1435,634,434,270,148,9531,2017,3727,2539,270,148
WASHINGTON,2010,2549,6150,4737,3298,1501,4507,8841,1421,512,494,1215,5690,8154,1162,900,109,298,2429,2408,572,535,503,2006,1549,2020,3131,1455,607,425,191,107,9744,2020,3765,2408,191,107
WASHINGTON,2011,2363,6112,4591,3214,1568,4567,8682,1388,511,531,1157,5565,7971,1130,894,89,288,2436,2255,532,516,554,2010,1537,2031,3080,1426,552,420,127,84,9659,2031,3691,2255,127,84
WASHINGTON,2012,2210,5908,4354,3174,1624,4439,8355,1402,448,441,1028,5405,7936,1069,874,69,265,2379,2227,492,462,557,1968,1480,2005,2959,1403,512,397,96,67,9372,2005,3503,2227,96,67
WASHINGTON,2013,2171,6108,4694,3267,1743,4533,8669,1499,457,434,1056,5589,8405,1079,899,65,275,2493,2239,527,503,628,2054,1647,2109,3017,1466,494,396,75,60,9701,2109,3800,2239,75,60
WASHINGTON,2014,2002,6104,4820,3340,1854,4511,8717,1598,431,412,1004,5684,8518,1105,911,55,288,2519,2214,555,464,696,2115,1598,2217,2945,1514,476,400,67,52,9780,2217,3790,2214,67,52
WASHINGTON,2015,1835,6093,4862,3446,2047,4455,8879,1780,422,423,1006,5829,8504,1114,935,50,307,2552,2190,524,462,685,2177,1552,2394,2993,1471,445,409,62,60,9910,2394,3668,2190,62,60
WASHINGTON,2016,1806,6433,5198,3529,2138,4693,9290,2361,414,422,1054,6055,8975,1155,981,48,353,2726,2172,538,419,728,2322,1653,2665,3022,1509,443,442,64,47,10374,2665,3782,2172,64,47
WASHINGTON,2017,1799,6532,5482,3522,2321,4835,9281,4061,429,448,1097,6102,9407,1135,991,48,392,2867,1935,554,405,855,2347,1780,2920,3022,1568,480,419,64,50,10614,2920,4074,1935,64,50
WASHINGTON,2018,1694,6440,5427,3394,2567,4343,9499,4713,435,443,1120,6019,9309,1126,1010,60,400,2925,1769,534,396,814,2376,1615,3090,3165,1485,423,413,60,59,10764,3090,3782,1769,60,59
WASHINGTON,2019,1533,6146,5524,3400,2658,4002,9009,2952,460,432,1162,5896,9122,1121,1015,52,412,2909,1673,507,366,737,2427,1573,3130,3220,1366,423,409,58,52,10742,3130,3607,1673,58,52
WEST VIRGINIA,2004,,,,,,,,,,,,,,,,,,,,,,,,,,,,,,,,,,,,,
WEST VIRGINIA,2005,,,,,,,,,,,,,,,,,,,,,,,,,,,,,,,,,,,,,
WEST VIRGINIA,2006,926,2059,1405,918,425,285,1950,3136,,,490,737,2606,886,101,909,23,256,826,496,330,20,706,739,305,930,579,122,135,171,95,2628,305,1708,826,171,95
WEST VIRGINIA,2007,958,2131,1461,1026,480,271,2080,3249,,,599,812,2691,913,116,918,22,277,883,512,402,22,731,799,346,1017,611,132,156,57,90,2813,346,1868,883,57,90
WEST VIRGINIA,2008,880,2172,1473,1027,507,302,2065,3262,,,538,775,2705,985,118,931,25,270,814,505,418,25,738,785,334,1098,608,140,153,87,59,2892,334,1872,814,87,59
WEST VIRGINIA,2009,888,2326,1489,1106,559,321,2233,3369,,,518,875,2819,1085,127,937,31,309,881,488,443,18,767,817,335,1159,647,158,154,110,48,3069,335,1924,881,110,48
WEST VIRGINIA,2010,887,2458,1544,1179,613,356,2399,3536,13,,525,946,2948,1173,146,930,36,331,932,481,410,21,800,934,383,1192,669,176,162,147,,3191,383,2022,932,147,
WEST VIRGINIA,2011,933,2476,1654,1145,618,385,2522,3599,21,,550,949,3053,1194,146,911,34,334,926,474,484,19,805,936,387,1172,681,186,177,207,,3204,387,2099,926,207,
WEST VIRGINIA,2012,906,2576,1801,1141,645,411,2790,3553,30,,550,996,3154,1264,152,922,31,338,982,455,513,19,834,986,370,1154,709,215,186,275,,3254,370,2188,982,275,
WEST VIRGINIA,2013,821,2448,1762,1077,716,376,2779,3328,23,,523,973,2964,1275,142,923,28,317,946,374,477,14,826,895,357,1186,676,221,184,322,,3218,357,1980,946,322,
WEST VIRGINIA,2014,804,2471,1782,1095,745,345,2588,2988,19,,533,1000,2962,1297,146,939,23,311,1030,332,495,28,852,862,376,1212,642,215,190,326,,3229,376,1932,1030,326,
WEST VIRGINIA,2015,678,2495,1872,1236,838,433,2114,4335,,,284,561,1649,1527,540,2549,,303,675,245,300,21,895,623,1498,1175,605,114,274,360,30,3253,1498,1302,675,360,30
WEST VIRGINIA,2016,710,2617,1937,1120,778,528,2137,4161,,,404,1207,3205,1774,532,35,,300,954,370,446,13,919,951,602,1176,712,124,339,255,,3446,602,1905,954,255,
WEST VIRGINIA,2017,599,2451,1948,1178,916,503,2117,4135,,,383,1073,3015,1964,635,17,,282,801,317,423,13,1061,913,583,1343,681,109,342,226,,3709,583,1774,801,226,
WEST VIRGINIA,2018,543,2350,1923,1093,865,494,2135,3635,14,,484,1221,2783,1721,529,23,40,274,829,237,410,25,924,774,723,1207,659,158,275,241,,3379,723,1604,829,241,
WEST VIRGINIA,2019,480,2325,2041,1112,843,499,2257,3448,20,,505,1361,2778,1627,496,13,31,302,788,231,400,23,895,764,933,1130,571,167,292,271,,3222,933,1586,788,271,
WISCONSIN,2004,5168,7710,6147,2954,980,2845,9474,9524,114,104,4226,7501,7294,2236,1050,434,293,978,4150,914,689,496,2167,2023,2752,4175,2611,257,1409,,39,11633,2752,4381,4150,,39
WISCONSIN,2005,4741,7576,6165,3198,1016,2802,9738,9136,121,68,4023,7394,7262,2383,1060,387,270,933,3918,924,612,452,2207,2026,2761,4299,2626,216,1410,,40,11744,2761,4230,3918,,40
WISCONSIN,2006,4523,7863,6362,3539,1129,2972,10277,9132,143,75,4164,7778,7324,2479,1077,375,299,922,3851,910,591,451,2260,2081,3052,4561,2688,239,1465,,37,12196,3052,4273,3851,,37
WISCONSIN,2007,4198,8101,6320,3856,1267,3051,10727,8873,216,54,4221,7936,7366,2567,1090,293,299,935,3760,905,574,401,2325,2072,3306,4656,2718,226,1526,,34,12458,3306,4179,3760,,34
WISCONSIN,2008,4035,7964,6111,3880,1389,3254,10581,8300,215,59,3979,7874,7236,2682,1103,231,310,909,3409,827,489,317,2388,2014,3450,4743,2743,216,1527,,33,12620,3450,3863,3409,,33
WISCONSIN,2009,3806,7936,5903,4032,1488,3667,10972,7669,185,45,3932,7719,7223,2730,1117,213,283,838,3201,712,502,280,2455,2044,3452,4869,2725,210,1557,,32,12727,3452,3748,3201,,32
WISCONSIN,2010,3604,7730,5692,4047,1656,4042,10837,7214,174,35,3689,7566,7156,2800,1126,182,273,781,3016,631,483,230,2503,2032,3348,4904,2678,206,1615,,26,12754,3348,3582,3016,,26
WISCONSIN,2011,3579,7635,5596,4071,1776,4248,10901,6944,155,37,3659,7495,7133,2855,1141,181,268,741,2789,622,510,200,2531,2078,3329,4919,2735,201,1701,,30,12895,3329,3610,2789,,30
WISCONSIN,2012,3434,7470,5610,4130,1956,4165,11242,6656,137,50,3565,7494,7054,2947,1168,184,264,730,2706,589,522,164,2607,2134,3298,4952,2706,190,1702,,33,12961,3298,3599,2706,,33
WISCONSIN,2013,3308,7483,5463,4090,2126,4244,11281,6415,96,50,3603,7428,6972,2939,1179,203,261,746,2662,573,537,172,2634,2095,3267,4884,2704,204,1694,,34,12923,3267,3580,2662,,34
WISCONSIN,2014,3125,7538,5587,4113,2233,4554,11126,6402,81,34,3663,7547,6841,3024,1187,219,256,709,2756,561,545,149,2725,2064,3377,4823,2634,213,1748,,33,12894,3377,3533,2756,,33
WISCONSIN,2015,3108,7612,5712,4140,2404,4873,11380,6246,76,37,3832,7689,6837,3112,1183,208,248,776,2902,500,581,156,2784,2012,3422,4864,2676,216,1799,,35,13148,3422,3465,2902,,35
WISCONSIN,2016,3094,7831,5791,4146,2514,4944,11712,6327,58,41,4005,7925,6809,3158,1178,203,236,763,3051,495,597,170,2816,2030,3523,4852,2739,193,1872,,31,13278,3523,3485,3051,,31
WISCONSIN,2017,2998,8018,6141,4066,2722,5223,11985,6415,51,33,4102,8235,6885,3243,1188,207,260,764,3266,555,575,180,2872,2024,3578,4953,2679,189,2013,,30,13541,3578,3522,3266,,30
WISCONSIN,2018,2838,7933,6301,4084,2908,5498,11850,6413,47,29,4181,8177,6929,3306,1208,187,263,779,3336,510,565,177,2890,1933,3674,5003,2599,196,2097,,32,13631,3674,3382,3336,,32
WISCONSIN,2019,2584,7849,6464,4038,3021,5613,11753,6282,13,28,4350,8115,6789,3362,1185,114,256,783,3474,469,528,184,2849,1774,3731,4989,2451,191,2238,,32,13566,3731,3146,3474,,32
WYOMING,2004,,,,,,,,,,,,,,,,,,,,,,,,,,,,,,,,,,,,,
WYOMING,2005,,,,,,,,,,,,,,,,,,,,,,,,,,,,,,,,,,,,,
WYOMING,2006,366,703,556,339,150,356,1305,438,,12,396,832,484,181,172,35,13,232,393,181,115,,189,236,109,349,82,102,73,,33,938,109,634,393,,33
WYOMING,2007,355,646,548,361,174,389,1278,405,,,384,812,492,181,184,27,13,237,377,168,119,,201,222,117,371,69,87,75,,26,965,117,597,377,,26
WYOMING,2008,389,607,550,365,173,358,1312,400,,12,321,818,511,208,191,23,18,233,373,142,121,,208,215,107,406,70,101,67,,22,1002,107,579,373,,22
WYOMING,2009,396,612,493,396,178,350,1242,467,,10,326,814,486,221,191,26,16,210,367,133,111,,219,229,121,409,78,99,58,,25,989,121,572,367,,25
WYOMING,2010,423,635,465,399,190,339,1270,489,,12,340,808,487,232,205,28,17,223,359,123,108,,226,256,134,403,74,92,72,,27,1014,134,578,359,,27
WYOMING,2011,415,697,477,383,212,336,1323,508,,25,347,826,513,249,205,19,15,218,402,109,105,,224,263,163,433,73,86,74,,19,1037,163,563,402,,19
WYOMING,2012,387,675,486,408,249,360,1321,510,,33,352,826,508,253,210,23,18,212,412,88,108,,217,250,210,434,76,86,70,,23,1026,210,533,412,,23
WYOMING,2013,392,710,513,420,276,372,1379,545,,,327,903,561,273,221,18,19,224,441,90,115,,228,252,216,476,79,82,72,,18,1097,216,538,441,,18
WYOMING,2014,367,750,547,428,291,287,1325,734,,,324,905,611,296,222,18,21,222,472,98,106,,233,254,218,502,87,83,71,,18,1135,218,540,472,,18
WYOMING,2015,325,763,595,427,314,251,1281,858,,,317,914,623,319,226,20,23,255,478,77,88,,232,240,221,558,67,87,82,,16,1217,221,491,478,,16
WYOMING,2016,260,763,613,423,314,228,1232,869,,,287,907,606,323,228,22,24,251,477,78,101,,231,210,228,541,60,72,83,,16,1190,228,461,477,,16
WYOMING,2017,267,781,655,427,343,208,1285,943,,,302,970,602,339,230,29,24,300,540,72,87,,241,194,221,537,53,79,107,,15,1262,221,432,540,,15
WYOMING,2018,264,831,684,400,365,193,1292,1004,,,328,928,600,351,235,96,24,275,561,67,85,,243,204,240,551,56,92,133,,13,1281,240,447,561,,13
WYOMING,2019,240,791,680,390,377,186,1231,1016,,,326,882,578,356,236,96,26,266,601,52,65,,240,171,223,536,53,84,146,,14,1268,223,372,601,,14
